SampleID,Diversity,R^2,MAE,AD,1-BC,RMSE,Sens,FPRA,Pipeline,threshold,Source
SRR11487937,15,0.6595,0.0047,4.5249,0.822,0.0058,100.0,0.0,biobakery4,1e-05,mixed
SRR11487938,15,0.6856,0.0047,4.1118,0.8243,0.0057,100.0,0.0,biobakery4,1e-05,mixed
SRR11487939,15,0.6543,0.0046,5.3975,0.8253,0.0059,100.0,0.0,biobakery4,1e-05,mixed
SRR11487940,15,0.6903,0.0044,4.4374,0.8336,0.0055,100.0,0.0,biobakery4,1e-05,mixed
SRR11487941,15,0.6856,0.0046,5.353,0.8267,0.0058,100.0,0.0,biobakery4,1e-05,mixed
SRR11487937,36,0.7481,0.0024,14.1411,0.7853,0.0041,100.0,3.9229,jams,1e-05,mixed
SRR11487938,33,0.7383,0.0026,13.2931,0.786,0.0043,100.0,3.7227,jams,1e-05,mixed
SRR11487939,42,0.7659,0.002,13.8804,0.7875,0.0038,93.75,3.9677,jams,1e-05,mixed
SRR11487940,37,0.7552,0.0023,14.9164,0.7878,0.0041,100.0,3.7017,jams,1e-05,mixed
SRR11487941,34,0.7425,0.0025,13.236,0.7863,0.0043,100.0,3.9034,jams,1e-05,mixed
SRR11487937,172,0.6816,0.0007,24.0477,0.7009,0.0026,100.0,14.6431,wgsa2,1e-05,mixed
SRR11487938,183,0.6847,0.0007,24.3332,0.7022,0.0025,100.0,14.3302,wgsa2,1e-05,mixed
SRR11487939,174,0.6806,0.0007,23.7071,0.6997,0.0026,100.0,14.5697,wgsa2,1e-05,mixed
SRR11487940,170,0.6838,0.0007,24.0438,0.702,0.0026,100.0,14.4936,wgsa2,1e-05,mixed
SRR11487941,173,0.6817,0.0007,23.8974,0.7004,0.0026,100.0,14.5552,wgsa2,1e-05,mixed
SRR11487937,166,0.632,0.0007,22.7049,0.7078,0.0026,100.0,7.3778,woltka,1e-05,mixed
SRR11487938,171,0.6269,0.0007,23.2651,0.7033,0.0026,100.0,7.4397,woltka,1e-05,mixed
SRR11487939,163,0.6321,0.0007,22.3925,0.7091,0.0027,100.0,7.3925,woltka,1e-05,mixed
SRR11487940,169,0.628,0.0007,23.1877,0.7036,0.0026,100.0,7.4452,woltka,1e-05,mixed
SRR11487941,170,0.6303,0.0007,23.0889,0.706,0.0026,100.0,7.4534,woltka,1e-05,mixed
SRR11487937,15,0.6595,0.0047,4.5249,0.822,0.0058,100.0,0.0,bio3,0.01,mixed
SRR11487938,15,0.6856,0.0047,4.1118,0.8243,0.0057,100.0,0.0,bio3,0.01,mixed
SRR11487939,15,0.6543,0.0046,5.3975,0.8253,0.0059,100.0,0.0,bio3,0.01,mixed
SRR11487940,15,0.6903,0.0044,4.4374,0.8336,0.0055,100.0,0.0,bio3,0.01,mixed
SRR11487941,15,0.6856,0.0046,5.353,0.8267,0.0058,100.0,0.0,bio3,0.01,mixed
SRR11487937,16,0.6204,0.0041,3.0468,0.834,0.0058,100.0,3.7288,biobakery4,0.01,mixed
SRR11487938,16,0.6175,0.0043,3.0886,0.8279,0.006,100.0,3.5307,biobakery4,0.01,mixed
SRR11487939,16,0.6075,0.0042,3.1642,0.8297,0.0061,100.0,3.8263,biobakery4,0.01,mixed
SRR11487940,16,0.619,0.0041,3.0882,0.8336,0.0058,100.0,3.8274,biobakery4,0.01,mixed
SRR11487941,16,0.6108,0.0042,3.1471,0.8323,0.006,100.0,3.9191,biobakery4,0.01,mixed
SRR11487937,17,0.4949,0.005,8.7603,0.786,0.006,100.0,3.5782,jams,0.01,mixed
SRR11487938,17,0.4992,0.005,9.1226,0.7866,0.0061,100.0,3.3929,jams,0.01,mixed
SRR11487939,17,0.5175,0.0049,5.2768,0.7888,0.006,93.75,3.489,jams,0.01,mixed
SRR11487940,17,0.5042,0.005,9.5441,0.7883,0.006,100.0,3.4232,jams,0.01,mixed
SRR11487941,17,0.5031,0.005,8.6214,0.787,0.0061,100.0,3.5554,jams,0.01,mixed
SRR11487937,17,0.4898,0.005,8.1871,0.7857,0.006,100.0,3.5714,jams202212,0.01,mixed
SRR11487938,17,0.4946,0.005,5.2248,0.7867,0.0061,93.75,3.3893,jams202212,0.01,mixed
SRR11487939,17,0.5086,0.005,5.3606,0.7873,0.0061,93.75,3.4715,jams202212,0.01,mixed
SRR11487940,17,0.4997,0.005,8.1379,0.7887,0.006,100.0,3.4283,jams202212,0.01,mixed
SRR11487941,17,0.4971,0.005,5.2282,0.7869,0.0061,93.75,3.5523,jams202212,0.01,mixed
SRR11487937,18,0.3136,0.0065,8.9036,0.7055,0.0081,100.0,13.0282,wgsa2,0.01,mixed
SRR11487938,18,0.322,0.0065,8.9152,0.7066,0.0081,100.0,12.769,wgsa2,0.01,mixed
SRR11487939,18,0.3195,0.0066,8.7175,0.7042,0.0081,100.0,12.9591,wgsa2,0.01,mixed
SRR11487940,18,0.3227,0.0065,8.7816,0.7069,0.0081,100.0,12.802,wgsa2,0.01,mixed
SRR11487941,18,0.3197,0.0066,8.9047,0.7048,0.0081,100.0,12.9944,wgsa2,0.01,mixed
SRR11487937,17,0.0781,0.0066,3.8855,0.7214,0.0085,100.0,3.9418,woltka,0.01,mixed
SRR11487938,17,0.0761,0.0066,3.9092,0.7185,0.0086,100.0,3.9699,woltka,0.01,mixed
SRR11487939,17,0.0795,0.0065,3.9022,0.7234,0.0085,100.0,3.9599,woltka,0.01,mixed
SRR11487940,17,0.0777,0.0066,3.8875,0.7197,0.0085,100.0,3.9318,woltka,0.01,mixed
SRR11487941,17,0.0788,0.0066,3.8851,0.7213,0.0085,100.0,3.9541,woltka,0.01,mixed
SRR11487937,15,0.6595,0.0047,4.5249,0.822,0.0058,100.0,0.0,bio3,0.0001,mixed
SRR11487938,15,0.6856,0.0047,4.1118,0.8243,0.0057,100.0,0.0,bio3,0.0001,mixed
SRR11487939,15,0.6543,0.0046,5.3975,0.8253,0.0059,100.0,0.0,bio3,0.0001,mixed
SRR11487940,15,0.6903,0.0044,4.4374,0.8336,0.0055,100.0,0.0,bio3,0.0001,mixed
SRR11487941,15,0.6856,0.0046,5.353,0.8267,0.0058,100.0,0.0,bio3,0.0001,mixed
SRR11487937,16,0.6204,0.0041,3.0468,0.834,0.0058,100.0,3.7288,biobakery4,0.0001,mixed
SRR11487938,16,0.6175,0.0043,3.0886,0.8279,0.006,100.0,3.5307,biobakery4,0.0001,mixed
SRR11487939,16,0.6075,0.0042,3.1642,0.8297,0.0061,100.0,3.8263,biobakery4,0.0001,mixed
SRR11487940,16,0.619,0.0041,3.0882,0.8336,0.0058,100.0,3.8274,biobakery4,0.0001,mixed
SRR11487941,16,0.6108,0.0042,3.1471,0.8323,0.006,100.0,3.9191,biobakery4,0.0001,mixed
SRR11487937,25,0.6853,0.0034,10.1733,0.7854,0.005,100.0,3.8845,jams,0.0001,mixed
SRR11487938,24,0.676,0.0036,9.8751,0.786,0.0051,100.0,3.6807,jams,0.0001,mixed
SRR11487939,27,0.7083,0.0031,10.7082,0.7877,0.0048,93.75,3.912,jams,0.0001,mixed
SRR11487940,24,0.68,0.0035,10.8538,0.7879,0.0051,100.0,3.6508,jams,0.0001,mixed
SRR11487941,24,0.6769,0.0036,9.9669,0.7864,0.0051,100.0,3.8498,jams,0.0001,mixed
SRR11487937,23,0.6584,0.0037,9.007,0.7845,0.0052,100.0,3.9517,jams202212,0.0001,mixed
SRR11487938,26,0.6944,0.0033,10.4987,0.786,0.0049,93.75,3.7108,jams202212,0.0001,mixed
SRR11487939,28,0.7122,0.003,10.8226,0.7861,0.0047,93.75,3.9303,jams202212,0.0001,mixed
SRR11487940,22,0.6501,0.0039,9.3349,0.7883,0.0053,100.0,3.6702,jams202212,0.0001,mixed
SRR11487941,24,0.6739,0.0036,10.419,0.7859,0.0051,93.75,3.8829,jams202212,0.0001,mixed
SRR11487937,48,0.6178,0.0025,11.5093,0.7017,0.0049,100.0,14.3493,wgsa2,0.0001,mixed
SRR11487938,47,0.6183,0.0025,11.4005,0.7031,0.0049,100.0,14.0208,wgsa2,0.0001,mixed
SRR11487939,48,0.6172,0.0025,11.3514,0.7006,0.0049,100.0,14.2693,wgsa2,0.0001,mixed
SRR11487940,47,0.6187,0.0025,11.4725,0.7028,0.0049,100.0,14.2064,wgsa2,0.0001,mixed
SRR11487941,48,0.6184,0.0025,11.4137,0.7013,0.0049,100.0,14.259,wgsa2,0.0001,mixed
SRR11487937,77,0.5972,0.0015,11.0563,0.709,0.0039,100.0,7.0799,woltka,0.0001,mixed
SRR11487938,77,0.591,0.0015,11.1175,0.7049,0.0039,100.0,7.1348,woltka,0.0001,mixed
SRR11487939,76,0.597,0.0015,10.9881,0.7107,0.0039,100.0,7.0896,woltka,0.0001,mixed
SRR11487940,78,0.5934,0.0015,11.0993,0.705,0.0039,100.0,7.1597,woltka,0.0001,mixed
SRR11487941,78,0.5957,0.0015,11.1753,0.7075,0.0039,100.0,7.1605,woltka,0.0001,mixed
SRR11487937,15,0.6595,0.0047,4.5249,0.822,0.0058,100.0,0.0,bio3,0.001,mixed
SRR11487938,15,0.6856,0.0047,4.1118,0.8243,0.0057,100.0,0.0,bio3,0.001,mixed
SRR11487939,15,0.6543,0.0046,5.3975,0.8253,0.0059,100.0,0.0,bio3,0.001,mixed
SRR11487940,15,0.6903,0.0044,4.4374,0.8336,0.0055,100.0,0.0,bio3,0.001,mixed
SRR11487941,15,0.6856,0.0046,5.353,0.8267,0.0058,100.0,0.0,bio3,0.001,mixed
SRR11487937,16,0.6204,0.0041,3.0468,0.834,0.0058,100.0,3.7288,biobakery4,0.001,mixed
SRR11487938,16,0.6175,0.0043,3.0886,0.8279,0.006,100.0,3.5307,biobakery4,0.001,mixed
SRR11487939,16,0.6075,0.0042,3.1642,0.8297,0.0061,100.0,3.8263,biobakery4,0.001,mixed
SRR11487940,16,0.619,0.0041,3.0882,0.8336,0.0058,100.0,3.8274,biobakery4,0.001,mixed
SRR11487941,16,0.6108,0.0042,3.1471,0.8323,0.006,100.0,3.9191,biobakery4,0.001,mixed
SRR11487937,18,0.5413,0.0048,8.7674,0.7857,0.0059,100.0,3.719,jams,0.001,mixed
SRR11487938,17,0.4992,0.005,9.1226,0.7869,0.0061,100.0,3.3929,jams,0.001,mixed
SRR11487939,18,0.5574,0.0047,6.1734,0.7881,0.0059,93.75,3.722,jams,0.001,mixed
SRR11487940,18,0.5499,0.0047,9.559,0.7881,0.0059,100.0,3.5343,jams,0.001,mixed
SRR11487941,18,0.5474,0.0047,8.6248,0.7866,0.0059,100.0,3.7135,jams,0.001,mixed
SRR11487937,18,0.5359,0.0048,8.1871,0.785,0.0059,100.0,3.7839,jams202212,0.001,mixed
SRR11487938,18,0.5406,0.0048,6.4936,0.7864,0.0059,93.75,3.5491,jams202212,0.001,mixed
SRR11487939,18,0.5497,0.0047,6.1241,0.7866,0.0059,93.75,3.7258,jams202212,0.001,mixed
SRR11487940,18,0.5452,0.0047,8.1402,0.7883,0.0058,100.0,3.6016,jams202212,0.001,mixed
SRR11487941,18,0.5412,0.0048,6.1848,0.7862,0.0059,93.75,3.7832,jams202212,0.001,mixed
SRR11487937,23,0.4581,0.0052,8.9405,0.7035,0.0071,100.0,13.6983,wgsa2,0.001,mixed
SRR11487938,22,0.4442,0.0054,8.9442,0.7051,0.0073,100.0,13.33,wgsa2,0.001,mixed
SRR11487939,22,0.441,0.0054,8.7442,0.7027,0.0073,100.0,13.5247,wgsa2,0.001,mixed
SRR11487940,23,0.4632,0.0051,8.8203,0.7044,0.0071,100.0,13.5929,wgsa2,0.001,mixed
SRR11487941,22,0.4418,0.0054,8.9345,0.7033,0.0073,100.0,13.5552,wgsa2,0.001,mixed
SRR11487937,23,0.334,0.0049,4.0375,0.716,0.0072,100.0,5.3098,woltka,0.001,mixed
SRR11487938,23,0.3278,0.005,4.0506,0.713,0.0073,100.0,5.3694,woltka,0.001,mixed
SRR11487939,23,0.3351,0.0049,4.0442,0.7179,0.0072,100.0,5.3469,woltka,0.001,mixed
SRR11487940,23,0.3296,0.005,4.0292,0.7141,0.0073,100.0,5.3485,woltka,0.001,mixed
SRR11487941,23,0.3321,0.0049,4.035,0.7157,0.0072,100.0,5.3581,woltka,0.001,mixed
SRR11487937,15,0.6595,0.0047,4.5249,0.822,0.0058,100.0,0.0,biobakery4,0,mixed
SRR11487938,15,0.6856,0.0047,4.1118,0.8243,0.0057,100.0,0.0,biobakery4,0,mixed
SRR11487939,15,0.6543,0.0046,5.3975,0.8253,0.0059,100.0,0.0,biobakery4,0,mixed
SRR11487940,15,0.6903,0.0044,4.4374,0.8336,0.0055,100.0,0.0,biobakery4,0,mixed
SRR11487941,15,0.6856,0.0046,5.353,0.8267,0.0058,100.0,0.0,biobakery4,0,mixed
SRR11487937,44,0.7674,0.002,19.0037,0.7853,0.0037,100.0,3.9259,jams,0,mixed
SRR11487938,42,0.7643,0.002,19.2949,0.7859,0.0038,100.0,3.726,jams,0,mixed
SRR11487939,50,0.7786,0.0017,18.3259,0.7875,0.0035,93.75,3.9708,jams,0,mixed
SRR11487940,41,0.7651,0.0021,17.7018,0.7878,0.0039,100.0,3.703,jams,0,mixed
SRR11487941,41,0.7623,0.0021,17.3196,0.7863,0.0039,100.0,3.9067,jams,0,mixed
SRR11487937,893,0.6975,0.0001,53.3797,0.7004,0.0011,100.0,14.8099,wgsa2,0,mixed
SRR11487938,908,0.6992,0.0001,53.8375,0.7018,0.0011,100.0,14.4862,wgsa2,0,mixed
SRR11487939,918,0.6963,0.0001,53.5735,0.6993,0.0011,100.0,14.7376,wgsa2,0,mixed
SRR11487940,927,0.6999,0.0001,54.0502,0.7015,0.0011,100.0,14.6656,wgsa2,0,mixed
SRR11487941,917,0.6974,0.0001,53.9271,0.7,0.0011,100.0,14.7229,wgsa2,0,mixed
SRR11487937,301,0.6441,0.0004,45.9386,0.7077,0.002,100.0,7.4117,woltka,0,mixed
SRR11487938,307,0.6385,0.0004,47.9372,0.7032,0.002,100.0,7.4688,woltka,0,mixed
SRR11487939,298,0.6445,0.0004,45.4455,0.709,0.002,100.0,7.4284,woltka,0,mixed
SRR11487940,298,0.6394,0.0004,45.7901,0.7034,0.002,100.0,7.4774,woltka,0,mixed
SRR11487941,302,0.6418,0.0004,45.8575,0.7058,0.002,100.0,7.4862,woltka,0,mixed
SRR11487931,15,0.9163,0.0036,5.6916,0.8666,0.0064,100.0,0.0,biobakery4,1e-05,hilo
SRR11487932,15,0.9048,0.0035,5.117,0.8696,0.0065,93.3333,0.0,biobakery4,1e-05,hilo
SRR11487933,15,0.9085,0.0032,6.4876,0.8784,0.0062,93.3333,0.0,biobakery4,1e-05,hilo
SRR11487934,15,0.8969,0.0032,5.6939,0.8801,0.0065,100.0,0.0,biobakery4,1e-05,hilo
SRR11487935,15,0.9133,0.003,5.4241,0.8863,0.0059,93.3333,0.0,biobakery4,1e-05,hilo
SRR11487931,21,0.9094,0.0034,9.9822,0.8201,0.006,93.75,0.6673,jams,1e-05,hilo
SRR11487932,20,0.9026,0.0036,12.0418,0.8182,0.0063,100.0,0.6941,jams,1e-05,hilo
SRR11487933,21,0.917,0.0032,9.0085,0.8302,0.0056,93.75,0.5865,jams,1e-05,hilo
SRR11487934,21,0.9087,0.0034,9.4037,0.8231,0.0059,93.75,0.6306,jams,1e-05,hilo
SRR11487935,22,0.9229,0.0031,9.7671,0.8318,0.0053,93.75,0.6143,jams,1e-05,hilo
SRR11487931,78,0.9171,0.001,14.3289,0.7956,0.0035,100.0,4.5791,wgsa2,1e-05,hilo
SRR11487932,77,0.9156,0.0011,14.405,0.7938,0.0035,100.0,4.7059,wgsa2,1e-05,hilo
SRR11487933,82,0.9242,0.001,14.3255,0.8019,0.0031,100.0,4.7753,wgsa2,1e-05,hilo
SRR11487934,77,0.9212,0.001,14.598,0.8001,0.0033,100.0,4.7182,wgsa2,1e-05,hilo
SRR11487935,81,0.927,0.001,14.3804,0.805,0.0031,100.0,4.8965,wgsa2,1e-05,hilo
SRR11487931,143,0.4797,0.0011,16.2274,0.5974,0.0056,100.0,12.5216,woltka,1e-05,hilo
SRR11487932,143,0.4621,0.0012,16.399,0.5888,0.0057,100.0,12.7462,woltka,1e-05,hilo
SRR11487933,147,0.4715,0.0011,16.1812,0.5962,0.0055,100.0,12.3695,woltka,1e-05,hilo
SRR11487934,142,0.4854,0.0011,16.1822,0.6027,0.0055,100.0,12.1961,woltka,1e-05,hilo
SRR11487935,143,0.478,0.0011,16.1192,0.6012,0.0055,100.0,12.2422,woltka,1e-05,hilo
SRR11487931,11,0.9036,0.0047,4.8933,0.87,0.0074,100.0,0.0,bio3,0.01,hilo
SRR11487932,11,0.8887,0.0046,4.3116,0.8733,0.0076,100.0,0.0,bio3,0.01,hilo
SRR11487933,11,0.8919,0.0043,5.7939,0.8817,0.0072,100.0,0.0,bio3,0.01,hilo
SRR11487934,11,0.878,0.0042,5.4343,0.8834,0.0076,100.0,0.0,bio3,0.01,hilo
SRR11487935,11,0.8971,0.004,4.708,0.89,0.0069,100.0,0.0,bio3,0.01,hilo
SRR11487931,11,0.9169,0.0062,2.517,0.8304,0.0102,100.0,0.6499,biobakery4,0.01,hilo
SRR11487932,11,0.9121,0.0064,2.6997,0.8239,0.0102,100.0,0.7561,biobakery4,0.01,hilo
SRR11487933,11,0.9245,0.0058,2.6582,0.8411,0.0093,100.0,0.846,biobakery4,0.01,hilo
SRR11487934,11,0.9187,0.006,2.5946,0.8343,0.0096,100.0,0.7814,biobakery4,0.01,hilo
SRR11487935,11,0.9259,0.0058,2.6133,0.8402,0.0092,100.0,0.9087,biobakery4,0.01,hilo
SRR11487931,11,0.8874,0.0063,3.4108,0.8264,0.0083,90.9091,0.0,jams,0.01,hilo
SRR11487932,11,0.8795,0.0064,9.0593,0.8245,0.0085,100.0,0.0,jams,0.01,hilo
SRR11487933,11,0.8947,0.006,3.3104,0.8362,0.0077,90.9091,0.0,jams,0.01,hilo
SRR11487934,11,0.8845,0.0062,3.4058,0.8293,0.0081,90.9091,0.0,jams,0.01,hilo
SRR11487935,11,0.902,0.0059,3.3,0.838,0.0075,90.9091,0.0,jams,0.01,hilo
SRR11487931,10,0.8801,0.0066,2.0101,0.8357,0.0086,100.0,0.0,jams202212,0.01,hilo
SRR11487932,10,0.8725,0.0066,2.0647,0.8343,0.0088,100.0,0.0,jams202212,0.01,hilo
SRR11487933,10,0.8884,0.0062,1.9074,0.8459,0.008,100.0,0.0,jams202212,0.01,hilo
SRR11487934,10,0.8773,0.0064,1.9768,0.8386,0.0084,100.0,0.0,jams202212,0.01,hilo
SRR11487935,10,0.8955,0.0061,1.9116,0.8473,0.0078,100.0,0.0,jams202212,0.01,hilo
SRR11487931,12,0.8975,0.0066,6.1912,0.8011,0.0091,100.0,3.0275,wgsa2,0.01,hilo
SRR11487932,12,0.895,0.0067,6.3386,0.7997,0.0091,100.0,3.0185,wgsa2,0.01,hilo
SRR11487933,12,0.9025,0.0064,6.3043,0.8076,0.0084,100.0,3.1811,wgsa2,0.01,hilo
SRR11487934,12,0.8998,0.0065,6.218,0.8062,0.0086,100.0,3.0472,wgsa2,0.01,hilo
SRR11487935,12,0.9061,0.0063,6.3046,0.8111,0.0083,100.0,3.244,wgsa2,0.01,hilo
SRR11487931,12,0.2278,0.0132,5.259,0.6041,0.0195,100.0,11.068,woltka,0.01,hilo
SRR11487932,12,0.2097,0.0135,5.3295,0.5953,0.0199,100.0,11.2834,woltka,0.01,hilo
SRR11487933,12,0.2149,0.0132,5.2113,0.6029,0.0196,100.0,10.8891,woltka,0.01,hilo
SRR11487934,12,0.232,0.013,5.2128,0.6093,0.0193,100.0,10.7851,woltka,0.01,hilo
SRR11487935,12,0.2217,0.0131,5.1676,0.6078,0.0194,100.0,10.789,woltka,0.01,hilo
SRR11487931,15,0.9163,0.0036,5.6916,0.8666,0.0064,100.0,0.0,bio3,0.0001,hilo
SRR11487932,15,0.9048,0.0035,6.1663,0.8696,0.0065,93.3333,0.0,bio3,0.0001,hilo
SRR11487933,15,0.9085,0.0032,8.2673,0.8784,0.0062,93.3333,0.0,bio3,0.0001,hilo
SRR11487934,15,0.8969,0.0032,5.6939,0.8801,0.0065,100.0,0.0,bio3,0.0001,hilo
SRR11487935,15,0.9133,0.003,6.6628,0.8863,0.0059,93.3333,0.0,bio3,0.0001,hilo
SRR11487931,16,0.9188,0.0043,4.8598,0.8293,0.0084,100.0,0.6468,biobakery4,0.0001,hilo
SRR11487932,16,0.9152,0.0044,5.0365,0.8223,0.0085,100.0,0.7528,biobakery4,0.0001,hilo
SRR11487933,16,0.9274,0.004,5.0945,0.8394,0.0077,100.0,0.8422,biobakery4,0.0001,hilo
SRR11487934,16,0.922,0.0042,5.059,0.8326,0.008,100.0,0.7781,biobakery4,0.0001,hilo
SRR11487935,16,0.9289,0.004,5.2607,0.8381,0.0076,100.0,0.9054,biobakery4,0.0001,hilo
SRR11487931,20,0.9083,0.0036,12.1346,0.8201,0.0061,93.75,0.665,jams,0.0001,hilo
SRR11487932,19,0.9013,0.0038,12.0379,0.8182,0.0064,100.0,0.6913,jams,0.0001,hilo
SRR11487933,20,0.916,0.0034,10.9158,0.8302,0.0057,93.75,0.5835,jams,0.0001,hilo
SRR11487934,19,0.9063,0.0037,11.253,0.8231,0.0062,93.75,0.6269,jams,0.0001,hilo
SRR11487935,20,0.9212,0.0034,12.1401,0.8318,0.0056,93.75,0.6103,jams,0.0001,hilo
SRR11487931,18,0.9062,0.0038,8.4113,0.8294,0.0064,100.0,0.5739,jams202212,0.0001,hilo
SRR11487932,17,0.8991,0.004,7.8519,0.8278,0.0067,100.0,0.6448,jams202212,0.0001,hilo
SRR11487933,19,0.9157,0.0034,7.8035,0.8396,0.0058,100.0,0.5809,jams202212,0.0001,hilo
SRR11487934,18,0.9055,0.0037,8.1485,0.8323,0.0063,100.0,0.6057,jams202212,0.0001,hilo
SRR11487935,17,0.918,0.0037,7.8618,0.8413,0.006,100.0,0.5242,jams202212,0.0001,hilo
SRR11487931,31,0.9116,0.0026,11.319,0.796,0.0055,100.0,4.4278,wgsa2,0.0001,hilo
SRR11487932,30,0.9095,0.0027,11.6567,0.7941,0.0056,100.0,4.55,wgsa2,0.0001,hilo
SRR11487933,31,0.9183,0.0026,11.4689,0.8023,0.0051,100.0,4.6111,wgsa2,0.0001,hilo
SRR11487934,31,0.9155,0.0026,11.6578,0.8005,0.0052,100.0,4.5628,wgsa2,0.0001,hilo
SRR11487935,31,0.9213,0.0025,11.3572,0.8054,0.005,100.0,4.7407,wgsa2,0.0001,hilo
SRR11487931,54,0.451,0.003,9.5008,0.5987,0.0091,100.0,12.2553,woltka,0.0001,hilo
SRR11487932,55,0.4339,0.003,9.5905,0.59,0.0092,100.0,12.4894,woltka,0.0001,hilo
SRR11487933,55,0.4427,0.0029,9.4274,0.5975,0.009,100.0,12.0932,woltka,0.0001,hilo
SRR11487934,53,0.456,0.003,9.3302,0.6039,0.0091,100.0,11.9329,woltka,0.0001,hilo
SRR11487935,56,0.4507,0.0028,9.3568,0.6024,0.0089,100.0,11.9932,woltka,0.0001,hilo
SRR11487931,15,0.9163,0.0036,5.6916,0.8666,0.0064,100.0,0.0,bio3,0.001,hilo
SRR11487932,15,0.9048,0.0035,6.1663,0.8696,0.0065,93.3333,0.0,bio3,0.001,hilo
SRR11487933,15,0.9085,0.0032,8.2673,0.8784,0.0062,93.3333,0.0,bio3,0.001,hilo
SRR11487934,15,0.8969,0.0032,5.6939,0.8801,0.0065,100.0,0.0,bio3,0.001,hilo
SRR11487935,15,0.9133,0.003,6.6628,0.8863,0.0059,93.3333,0.0,bio3,0.001,hilo
SRR11487931,16,0.9188,0.0043,4.8598,0.8293,0.0084,100.0,0.6468,biobakery4,0.001,hilo
SRR11487932,16,0.9152,0.0044,5.0365,0.8223,0.0085,100.0,0.7528,biobakery4,0.001,hilo
SRR11487933,16,0.9274,0.004,5.0945,0.8394,0.0077,100.0,0.8422,biobakery4,0.001,hilo
SRR11487934,16,0.922,0.0042,5.059,0.8326,0.008,100.0,0.7781,biobakery4,0.001,hilo
SRR11487935,16,0.9289,0.004,5.2607,0.8381,0.0076,100.0,0.9054,biobakery4,0.001,hilo
SRR11487931,18,0.906,0.004,11.4916,0.8203,0.0065,93.75,0.553,jams,0.001,hilo
SRR11487932,18,0.8999,0.004,11.8083,0.8181,0.0066,100.0,0.6539,jams,0.001,hilo
SRR11487933,17,0.9121,0.004,10.0844,0.8306,0.0062,93.75,0.4513,jams,0.001,hilo
SRR11487934,18,0.9049,0.0039,11.0018,0.823,0.0063,93.75,0.5881,jams,0.001,hilo
SRR11487935,17,0.9178,0.0039,11.1243,0.8322,0.0061,93.75,0.4507,jams,0.001,hilo
SRR11487931,17,0.9047,0.004,8.268,0.8294,0.0066,100.0,0.5498,jams202212,0.001,hilo
SRR11487932,17,0.8991,0.0041,7.8519,0.8277,0.0067,100.0,0.6448,jams202212,0.001,hilo
SRR11487933,16,0.9112,0.004,7.0297,0.84,0.0063,100.0,0.4543,jams202212,0.001,hilo
SRR11487934,17,0.9039,0.0039,8.0045,0.8322,0.0064,100.0,0.5802,jams202212,0.001,hilo
SRR11487935,16,0.9164,0.004,7.3364,0.8415,0.0061,100.0,0.4483,jams202212,0.001,hilo
SRR11487931,19,0.9057,0.0043,10.4378,0.7974,0.0071,100.0,3.9144,wgsa2,0.001,hilo
SRR11487932,21,0.905,0.0039,11.368,0.7945,0.0067,100.0,4.2886,wgsa2,0.001,hilo
SRR11487933,19,0.9119,0.0041,10.6993,0.8036,0.0066,100.0,4.1423,wgsa2,0.001,hilo
SRR11487934,21,0.9106,0.0038,11.2435,0.8012,0.0064,100.0,4.2223,wgsa2,0.001,hilo
SRR11487935,19,0.9151,0.0041,10.5736,0.8067,0.0065,100.0,4.2589,wgsa2,0.001,hilo
SRR11487931,21,0.3648,0.0076,8.802,0.6028,0.0146,100.0,11.396,woltka,0.001,hilo
SRR11487932,21,0.3461,0.0077,8.8681,0.5941,0.0149,100.0,11.6104,woltka,0.001,hilo
SRR11487933,20,0.3458,0.008,8.5097,0.602,0.0151,100.0,11.1211,woltka,0.001,hilo
SRR11487934,20,0.3624,0.0078,8.5036,0.6084,0.0148,100.0,11.002,woltka,0.001,hilo
SRR11487935,20,0.3532,0.0079,8.4479,0.607,0.0149,100.0,11.0145,woltka,0.001,hilo
SRR11487931,15,0.9163,0.0036,5.6916,0.8666,0.0064,100.0,0.0,biobakery4,0,hilo
SRR11487932,15,0.9048,0.0035,5.117,0.8696,0.0065,93.3333,0.0,biobakery4,0,hilo
SRR11487933,15,0.9085,0.0032,6.4876,0.8784,0.0062,93.3333,0.0,biobakery4,0,hilo
SRR11487934,15,0.8969,0.0032,5.6939,0.8801,0.0065,100.0,0.0,biobakery4,0,hilo
SRR11487935,15,0.9133,0.003,5.4241,0.8863,0.0059,93.3333,0.0,biobakery4,0,hilo
SRR11487931,25,0.9125,0.0029,10.8285,0.8201,0.0055,93.75,0.6694,jams,0,hilo
SRR11487932,27,0.9084,0.0027,13.0198,0.8181,0.0054,100.0,0.6977,jams,0,hilo
SRR11487933,27,0.9212,0.0025,10.3103,0.8302,0.0049,93.75,0.5897,jams,0,hilo
SRR11487934,26,0.9127,0.0027,11.0239,0.8231,0.0053,93.75,0.632,jams,0,hilo
SRR11487935,29,0.9268,0.0023,11.7006,0.8318,0.0046,93.75,0.6166,jams,0,hilo
SRR11487931,427,0.9199,0.0002,37.222,0.7955,0.0015,100.0,4.6483,wgsa2,0,hilo
SRR11487932,444,0.9185,0.0002,38.0691,0.7936,0.0014,100.0,4.7727,wgsa2,0,hilo
SRR11487933,437,0.9269,0.0002,37.0029,0.8017,0.0014,100.0,4.8449,wgsa2,0,hilo
SRR11487934,414,0.9241,0.0002,36.907,0.7999,0.0014,100.0,4.7826,wgsa2,0,hilo
SRR11487935,410,0.9296,0.0002,35.8737,0.8048,0.0014,100.0,4.964,wgsa2,0,hilo
SRR11487931,293,0.488,0.0005,39.9833,0.5973,0.0039,100.0,12.554,woltka,0,hilo
SRR11487932,290,0.4706,0.0006,39.966,0.5887,0.004,100.0,12.78,woltka,0,hilo
SRR11487933,295,0.4796,0.0005,40.0556,0.5961,0.0039,100.0,12.3991,woltka,0,hilo
SRR11487934,280,0.4935,0.0006,38.0269,0.6025,0.0039,100.0,12.229,woltka,0,hilo
SRR11487935,275,0.486,0.0006,36.3362,0.6011,0.004,100.0,12.2742,woltka,0,hilo
S1,8,0.0127,0.1772,8.3828,0.2912,0.2573,62.5,0.0,biobakery4,1e-05,bmock12
S1,20,0.9958,0.0041,7.2429,0.9593,0.0067,87.5,1.6126,jams,1e-05,bmock12
S1,365,0.7119,0.0014,23.8502,0.7504,0.0139,87.5,3.0001,wgsa2,1e-05,bmock12
S1,63,0.6255,0.0182,9.7162,0.4276,0.0753,87.5,4.096,woltka,1e-05,bmock12
S1,8,0.0127,0.1772,8.3828,0.2912,0.2573,62.5,0.0,biobakery4,0.01,bmock12
S1,10,0.9944,0.0075,3.9957,0.9624,0.0092,87.5,1.1314,jams,0.01,bmock12
S1,9,0.4992,0.0526,5.9522,0.7633,0.0897,87.5,0.0,wgsa2,0.01,bmock12
S1,8,0.6766,0.1425,4.3797,0.43,0.2234,87.5,0.0,woltka,0.01,bmock12
S1,8,0.0127,0.1772,8.3828,0.2912,0.2573,62.5,0.0,biobakery4,0.0001,bmock12
S1,16,0.9956,0.0051,4.7767,0.9594,0.0075,87.5,1.5895,jams,0.0001,bmock12
S1,59,0.6944,0.0082,9.0847,0.7567,0.0346,87.5,2.094,wgsa2,0.0001,bmock12
S1,56,0.6253,0.0204,8.3467,0.4276,0.08,87.5,4.048,woltka,0.0001,bmock12
S1,8,0.0127,0.1772,8.3828,0.2912,0.2573,62.5,0.0,biobakery4,0.001,bmock12
S1,11,0.9948,0.0071,4.0119,0.961,0.0089,87.5,1.3432,jams,0.001,bmock12
S1,13,0.592,0.0367,5.987,0.7613,0.0743,87.5,0.6743,wgsa2,0.001,bmock12
S1,17,0.6279,0.0672,7.3031,0.429,0.1499,87.5,1.6464,woltka,0.001,bmock12
S1,8,0.0127,0.1772,8.3828,0.2912,0.2573,62.5,0.0,biobakery4,0,bmock12
S1,23,0.9959,0.0035,13.9947,0.9593,0.0062,87.5,1.6131,jams,0,bmock12
S1,1619,0.7144,0.0003,101.9045,0.7486,0.0066,87.5,3.2441,wgsa2,0,bmock12
S1,63,0.6255,0.0182,9.7162,0.4276,0.0753,87.5,4.096,woltka,0,bmock12
SRR17380241,18,0.132,0.0034,4.1482,0.8153,0.0051,100.0,6.4245,biobakery4,1e-05,tourlousse
SRR17380242,18,0.1283,0.0034,4.0185,0.8171,0.005,100.0,6.4792,biobakery4,1e-05,tourlousse
SRR17380243,18,0.1142,0.0033,4.1452,0.8193,0.005,100.0,6.959,biobakery4,1e-05,tourlousse
SRR17380244,18,0.1262,0.0034,4.2104,0.8121,0.0051,100.0,6.3814,biobakery4,1e-05,tourlousse
SRR17380245,18,0.1433,0.0033,4.1141,0.8202,0.005,100.0,6.2467,biobakery4,1e-05,tourlousse
SRR17380246,18,0.1287,0.0034,4.1596,0.8156,0.0051,100.0,6.3996,biobakery4,1e-05,tourlousse
SRR17380241,27,0.5881,0.0023,9.1593,0.8098,0.0032,100.0,0.1713,jams,1e-05,tourlousse
SRR17380242,27,0.5853,0.0024,9.811,0.8087,0.0033,100.0,0.1414,jams,1e-05,tourlousse
SRR17380243,25,0.5323,0.0026,7.6416,0.8084,0.0034,100.0,0.1737,jams,1e-05,tourlousse
SRR17380244,25,0.5317,0.0025,7.3646,0.8089,0.0034,100.0,0.1075,jams,1e-05,tourlousse
SRR17380245,26,0.5645,0.0024,9.0853,0.8102,0.0033,100.0,0.1652,jams,1e-05,tourlousse
SRR17380246,22,0.3811,0.0029,3.7742,0.8088,0.0036,100.0,0.1559,jams,1e-05,tourlousse
SRR17380241,147,0.5273,0.0007,24.3587,0.702,0.0023,100.0,18.1184,wgsa2,1e-05,tourlousse
SRR17380242,147,0.5206,0.0007,24.1232,0.6995,0.0023,100.0,18.2704,wgsa2,1e-05,tourlousse
SRR17380243,146,0.5285,0.0007,24.3303,0.7024,0.0023,100.0,18.0326,wgsa2,1e-05,tourlousse
SRR17380244,151,0.527,0.0007,24.572,0.7023,0.0023,100.0,18.1563,wgsa2,1e-05,tourlousse
SRR17380245,142,0.5262,0.0007,24.0035,0.703,0.0024,100.0,18.0774,wgsa2,1e-05,tourlousse
SRR17380246,144,0.5265,0.0007,24.0502,0.7025,0.0023,100.0,18.113,wgsa2,1e-05,tourlousse
SRR17380241,224,0.4519,0.0006,26.4722,0.5773,0.0023,100.0,21.3329,woltka,1e-05,tourlousse
SRR17380242,231,0.4551,0.0006,26.5257,0.5779,0.0022,100.0,21.8369,woltka,1e-05,tourlousse
SRR17380243,225,0.4524,0.0006,26.19,0.5771,0.0023,100.0,21.3672,woltka,1e-05,tourlousse
SRR17380244,223,0.4506,0.0006,26.2066,0.5765,0.0023,100.0,21.285,woltka,1e-05,tourlousse
SRR17380245,225,0.4512,0.0006,26.1996,0.5765,0.0023,100.0,21.2554,woltka,1e-05,tourlousse
SRR17380246,222,0.4504,0.0006,26.0036,0.5762,0.0023,100.0,21.2523,woltka,1e-05,tourlousse
SRR17380241,18,0.132,0.0034,4.1482,0.8153,0.0051,100.0,6.4245,bio3,0.01,tourlousse
SRR17380242,18,0.1283,0.0034,4.0185,0.8171,0.005,100.0,6.4792,bio3,0.01,tourlousse
SRR17380243,18,0.1142,0.0033,4.1452,0.8193,0.005,100.0,6.959,bio3,0.01,tourlousse
SRR17380244,18,0.1262,0.0034,4.2104,0.8121,0.0051,100.0,6.3814,bio3,0.01,tourlousse
SRR17380245,18,0.1433,0.0033,4.1141,0.8202,0.005,100.0,6.2467,bio3,0.01,tourlousse
SRR17380246,18,0.1287,0.0034,4.1596,0.8156,0.0051,100.0,6.3996,bio3,0.01,tourlousse
SRR17380241,19,0.2874,0.0015,2.9232,0.9148,0.0029,100.0,6.3568,biobakery4,0.01,tourlousse
SRR17380242,19,0.2894,0.0015,2.9258,0.9141,0.0029,100.0,6.3653,biobakery4,0.01,tourlousse
SRR17380243,19,0.2876,0.0015,2.9237,0.915,0.0029,100.0,6.4018,biobakery4,0.01,tourlousse
SRR17380244,19,0.2907,0.0014,2.9223,0.9173,0.0029,100.0,6.3937,biobakery4,0.01,tourlousse
SRR17380245,19,0.274,0.0014,2.9328,0.9185,0.0029,100.0,6.4467,biobakery4,0.01,tourlousse
SRR17380246,19,0.2911,0.0015,2.9137,0.9163,0.0029,100.0,6.3387,biobakery4,0.01,tourlousse
SRR17380241,19,0.0294,0.0033,1.8893,0.8104,0.0039,100.0,0.0,jams,0.01,tourlousse
SRR17380242,19,0.0298,0.0033,1.911,0.8093,0.0039,100.0,0.0,jams,0.01,tourlousse
SRR17380243,19,0.0296,0.0033,1.8964,0.8091,0.0039,100.0,0.0,jams,0.01,tourlousse
SRR17380244,19,0.0276,0.0033,1.8859,0.8093,0.0039,100.0,0.0,jams,0.01,tourlousse
SRR17380245,19,0.0291,0.0033,1.8776,0.8108,0.0039,100.0,0.0,jams,0.01,tourlousse
SRR17380246,19,0.0276,0.0033,1.8902,0.8094,0.0039,100.0,0.0,jams,0.01,tourlousse
SRR17380241,19,0.0297,0.0033,1.8882,0.8104,0.0039,100.0,0.0,jams202212,0.01,tourlousse
SRR17380242,19,0.0301,0.0033,1.9109,0.8093,0.0039,100.0,0.0,jams202212,0.01,tourlousse
SRR17380243,19,0.0297,0.0034,1.8994,0.8087,0.0039,100.0,0.0,jams202212,0.01,tourlousse
SRR17380244,19,0.0277,0.0033,1.8866,0.8094,0.0039,100.0,0.0,jams202212,0.01,tourlousse
SRR17380245,19,0.0299,0.0033,1.8728,0.8112,0.0038,100.0,0.0,jams202212,0.01,tourlousse
SRR17380246,19,0.0277,0.0033,1.8887,0.8096,0.0039,100.0,0.0,jams202212,0.01,tourlousse
SRR17380241,21,0.0421,0.0046,8.7023,0.7095,0.0062,100.0,16.8246,wgsa2,0.01,tourlousse
SRR17380242,21,0.0416,0.0046,8.86,0.7068,0.0063,100.0,16.9858,wgsa2,0.01,tourlousse
SRR17380243,21,0.0403,0.0046,8.7709,0.7098,0.0062,100.0,16.7406,wgsa2,0.01,tourlousse
SRR17380244,21,0.0436,0.0046,8.8169,0.7097,0.0062,100.0,16.8704,wgsa2,0.01,tourlousse
SRR17380245,21,0.0419,0.0046,8.727,0.7104,0.0062,100.0,16.7955,wgsa2,0.01,tourlousse
SRR17380246,21,0.0425,0.0046,8.6656,0.71,0.0062,100.0,16.819,wgsa2,0.01,tourlousse
SRR17380241,21,0.0015,0.0065,6.8543,0.586,0.0076,100.0,18.2791,woltka,0.01,tourlousse
SRR17380242,21,0.0009,0.0065,6.8572,0.5871,0.0076,100.0,18.6683,woltka,0.01,tourlousse
SRR17380243,21,0.0014,0.0065,6.8563,0.5859,0.0076,100.0,18.2978,woltka,0.01,tourlousse
SRR17380244,21,0.0015,0.0066,6.8545,0.5852,0.0077,100.0,18.2249,woltka,0.01,tourlousse
SRR17380245,21,0.0016,0.0066,6.8593,0.5852,0.0076,100.0,18.1872,woltka,0.01,tourlousse
SRR17380246,21,0.0016,0.0066,6.8619,0.5849,0.0077,100.0,18.1991,woltka,0.01,tourlousse
SRR17380241,18,0.132,0.0034,4.1482,0.8153,0.0051,100.0,6.4245,bio3,0.0001,tourlousse
SRR17380242,18,0.1283,0.0034,4.0185,0.8171,0.005,100.0,6.4792,bio3,0.0001,tourlousse
SRR17380243,18,0.1142,0.0033,4.1452,0.8193,0.005,100.0,6.959,bio3,0.0001,tourlousse
SRR17380244,18,0.1262,0.0034,4.2104,0.8121,0.0051,100.0,6.3814,bio3,0.0001,tourlousse
SRR17380245,18,0.1433,0.0033,4.1141,0.8202,0.005,100.0,6.2467,bio3,0.0001,tourlousse
SRR17380246,18,0.1287,0.0034,4.1596,0.8156,0.0051,100.0,6.3996,bio3,0.0001,tourlousse
SRR17380241,19,0.2874,0.0015,2.9232,0.9148,0.0029,100.0,6.3568,biobakery4,0.0001,tourlousse
SRR17380242,19,0.2894,0.0015,2.9258,0.9141,0.0029,100.0,6.3653,biobakery4,0.0001,tourlousse
SRR17380243,19,0.2876,0.0015,2.9237,0.915,0.0029,100.0,6.4018,biobakery4,0.0001,tourlousse
SRR17380244,19,0.2907,0.0014,2.9223,0.9173,0.0029,100.0,6.3937,biobakery4,0.0001,tourlousse
SRR17380245,19,0.274,0.0014,2.9328,0.9185,0.0029,100.0,6.4467,biobakery4,0.0001,tourlousse
SRR17380246,19,0.2911,0.0015,2.9137,0.9163,0.0029,100.0,6.3387,biobakery4,0.0001,tourlousse
SRR17380241,23,0.4474,0.0028,4.9468,0.8098,0.0035,100.0,0.1507,jams,0.0001,tourlousse
SRR17380242,22,0.3819,0.0029,4.0093,0.8088,0.0036,100.0,0.1207,jams,0.0001,tourlousse
SRR17380243,23,0.4465,0.0028,4.5905,0.8085,0.0035,100.0,0.1641,jams,0.0001,tourlousse
SRR17380244,23,0.446,0.0028,5.2629,0.809,0.0035,100.0,0.0958,jams,0.0001,tourlousse
SRR17380245,23,0.4484,0.0028,4.6839,0.8102,0.0035,100.0,0.1551,jams,0.0001,tourlousse
SRR17380246,22,0.3811,0.0029,3.7742,0.8088,0.0036,100.0,0.1559,jams,0.0001,tourlousse
SRR17380241,21,0.2982,0.003,2.8294,0.8099,0.0037,100.0,0.1424,jams202212,0.0001,tourlousse
SRR17380242,21,0.2966,0.003,3.0596,0.8089,0.0037,100.0,0.1151,jams202212,0.0001,tourlousse
SRR17380243,22,0.3826,0.0029,3.9871,0.8082,0.0036,100.0,0.1488,jams202212,0.0001,tourlousse
SRR17380244,22,0.3824,0.0029,4.8025,0.809,0.0036,100.0,0.0967,jams202212,0.0001,tourlousse
SRR17380245,22,0.3875,0.0029,4.036,0.8107,0.0036,100.0,0.1314,jams202212,0.0001,tourlousse
SRR17380246,22,0.3814,0.0029,4.2134,0.809,0.0036,100.0,0.169,jams202212,0.0001,tourlousse
SRR17380241,41,0.3448,0.0024,11.7043,0.7035,0.0044,100.0,17.8583,wgsa2,0.0001,tourlousse
SRR17380242,41,0.3382,0.0024,11.8349,0.701,0.0044,100.0,18.0035,wgsa2,0.0001,tourlousse
SRR17380243,41,0.3467,0.0024,11.7897,0.7038,0.0044,100.0,17.7761,wgsa2,0.0001,tourlousse
SRR17380244,42,0.351,0.0024,11.9691,0.7037,0.0044,100.0,17.9031,wgsa2,0.0001,tourlousse
SRR17380245,40,0.337,0.0025,11.5062,0.7045,0.0045,100.0,17.8164,wgsa2,0.0001,tourlousse
SRR17380246,41,0.345,0.0024,11.6922,0.704,0.0044,100.0,17.8496,wgsa2,0.0001,tourlousse
SRR17380241,105,0.4149,0.0013,14.1744,0.5782,0.0033,100.0,21.0333,woltka,0.0001,tourlousse
SRR17380242,108,0.4189,0.0013,14.2393,0.5788,0.0033,100.0,21.5245,woltka,0.0001,tourlousse
SRR17380243,105,0.4153,0.0013,14.1464,0.578,0.0033,100.0,21.0512,woltka,0.0001,tourlousse
SRR17380244,106,0.4145,0.0013,14.2557,0.5773,0.0033,100.0,20.9866,woltka,0.0001,tourlousse
SRR17380245,106,0.4148,0.0013,14.219,0.5774,0.0033,100.0,20.9474,woltka,0.0001,tourlousse
SRR17380246,105,0.4138,0.0013,14.175,0.5771,0.0033,100.0,20.9465,woltka,0.0001,tourlousse
SRR17380241,18,0.132,0.0034,4.1482,0.8153,0.0051,100.0,6.4245,bio3,0.001,tourlousse
SRR17380242,18,0.1283,0.0034,4.0185,0.8171,0.005,100.0,6.4792,bio3,0.001,tourlousse
SRR17380243,18,0.1142,0.0033,4.1452,0.8193,0.005,100.0,6.959,bio3,0.001,tourlousse
SRR17380244,18,0.1262,0.0034,4.2104,0.8121,0.0051,100.0,6.3814,bio3,0.001,tourlousse
SRR17380245,18,0.1433,0.0033,4.1141,0.8202,0.005,100.0,6.2467,bio3,0.001,tourlousse
SRR17380246,18,0.1287,0.0034,4.1596,0.8156,0.0051,100.0,6.3996,bio3,0.001,tourlousse
SRR17380241,19,0.2874,0.0015,2.9232,0.9148,0.0029,100.0,6.3568,biobakery4,0.001,tourlousse
SRR17380242,19,0.2894,0.0015,2.9258,0.9141,0.0029,100.0,6.3653,biobakery4,0.001,tourlousse
SRR17380243,19,0.2876,0.0015,2.9237,0.915,0.0029,100.0,6.4018,biobakery4,0.001,tourlousse
SRR17380244,19,0.2907,0.0014,2.9223,0.9173,0.0029,100.0,6.3937,biobakery4,0.001,tourlousse
SRR17380245,19,0.274,0.0014,2.9328,0.9185,0.0029,100.0,6.4467,biobakery4,0.001,tourlousse
SRR17380246,19,0.2911,0.0015,2.9137,0.9163,0.0029,100.0,6.3387,biobakery4,0.001,tourlousse
SRR17380241,19,0.0294,0.0033,1.8893,0.8104,0.0039,100.0,0.0,jams,0.001,tourlousse
SRR17380242,19,0.0298,0.0033,1.911,0.8093,0.0039,100.0,0.0,jams,0.001,tourlousse
SRR17380243,19,0.0296,0.0033,1.8964,0.8091,0.0039,100.0,0.0,jams,0.001,tourlousse
SRR17380244,19,0.0276,0.0033,1.8859,0.8093,0.0039,100.0,0.0,jams,0.001,tourlousse
SRR17380245,19,0.0291,0.0033,1.8776,0.8108,0.0039,100.0,0.0,jams,0.001,tourlousse
SRR17380246,19,0.0276,0.0033,1.8902,0.8094,0.0039,100.0,0.0,jams,0.001,tourlousse
SRR17380241,19,0.0297,0.0033,1.8882,0.8104,0.0039,100.0,0.0,jams202212,0.001,tourlousse
SRR17380242,19,0.0301,0.0033,1.9109,0.8093,0.0039,100.0,0.0,jams202212,0.001,tourlousse
SRR17380243,19,0.0297,0.0034,1.8994,0.8087,0.0039,100.0,0.0,jams202212,0.001,tourlousse
SRR17380244,19,0.0277,0.0033,1.8866,0.8094,0.0039,100.0,0.0,jams202212,0.001,tourlousse
SRR17380245,19,0.0299,0.0033,1.8728,0.8112,0.0038,100.0,0.0,jams202212,0.001,tourlousse
SRR17380246,19,0.0277,0.0033,1.8887,0.8096,0.0039,100.0,0.0,jams202212,0.001,tourlousse
SRR17380241,23,0.0086,0.0043,8.7524,0.7065,0.0059,100.0,17.3359,wgsa2,0.001,tourlousse
SRR17380242,23,0.008,0.0043,8.9126,0.7039,0.006,100.0,17.4898,wgsa2,0.001,tourlousse
SRR17380243,23,0.0092,0.0043,8.8206,0.7068,0.0059,100.0,17.2552,wgsa2,0.001,tourlousse
SRR17380244,23,0.0081,0.0042,8.8695,0.7068,0.0059,100.0,17.3726,wgsa2,0.001,tourlousse
SRR17380245,23,0.0088,0.0042,8.7777,0.7075,0.0059,100.0,17.3035,wgsa2,0.001,tourlousse
SRR17380246,23,0.0086,0.0042,8.7181,0.7071,0.0059,100.0,17.3254,wgsa2,0.001,tourlousse
SRR17380241,27,0.1205,0.0051,7.024,0.5835,0.0067,100.0,19.1731,woltka,0.001,tourlousse
SRR17380242,28,0.1374,0.0049,7.091,0.5842,0.0065,100.0,19.6496,woltka,0.001,tourlousse
SRR17380243,27,0.1205,0.0051,7.0271,0.5834,0.0067,100.0,19.1861,woltka,0.001,tourlousse
SRR17380244,27,0.1202,0.0051,7.0239,0.5827,0.0067,100.0,19.1145,woltka,0.001,tourlousse
SRR17380245,27,0.1207,0.0051,7.0336,0.5827,0.0067,100.0,19.0719,woltka,0.001,tourlousse
SRR17380246,28,0.1385,0.005,7.1002,0.5821,0.0066,100.0,19.1682,woltka,0.001,tourlousse
SRR17380241,18,0.132,0.0034,4.1482,0.8153,0.0051,100.0,6.4245,biobakery4,0,tourlousse
SRR17380242,18,0.1283,0.0034,4.0185,0.8171,0.005,100.0,6.4792,biobakery4,0,tourlousse
SRR17380243,18,0.1142,0.0033,4.1452,0.8193,0.005,100.0,6.959,biobakery4,0,tourlousse
SRR17380244,19,0.2279,0.0033,7.3972,0.8121,0.0049,100.0,6.382,biobakery4,0,tourlousse
SRR17380245,18,0.1433,0.0033,4.1141,0.8202,0.005,100.0,6.2467,biobakery4,0,tourlousse
SRR17380246,18,0.1287,0.0034,4.1596,0.8156,0.0051,100.0,6.3996,biobakery4,0,tourlousse
SRR17380241,27,0.5881,0.0023,9.1593,0.8098,0.0032,100.0,0.1713,jams,0,tourlousse
SRR17380242,28,0.606,0.0023,11.4033,0.8087,0.0032,100.0,0.1417,jams,0,tourlousse
SRR17380243,25,0.5323,0.0026,7.6416,0.8084,0.0034,100.0,0.1737,jams,0,tourlousse
SRR17380244,25,0.5317,0.0025,7.3646,0.8089,0.0034,100.0,0.1075,jams,0,tourlousse
SRR17380245,26,0.5645,0.0024,9.0853,0.8102,0.0033,100.0,0.1652,jams,0,tourlousse
SRR17380246,23,0.4448,0.0028,6.6145,0.8088,0.0035,100.0,0.1569,jams,0,tourlousse
SRR17380241,1128,0.5686,0.0001,61.4344,0.7009,0.0008,100.0,18.3063,wgsa2,0,tourlousse
SRR17380242,1139,0.5623,0.0001,61.4617,0.6984,0.0008,100.0,18.4606,wgsa2,0,tourlousse
SRR17380243,1136,0.5701,0.0001,61.9985,0.7013,0.0008,100.0,18.221,wgsa2,0,tourlousse
SRR17380244,1147,0.5672,0.0001,62.9746,0.7012,0.0008,100.0,18.342,wgsa2,0,tourlousse
SRR17380245,1138,0.5694,0.0001,62.3547,0.7019,0.0008,100.0,18.2693,wgsa2,0,tourlousse
SRR17380246,1125,0.5689,0.0001,62.3235,0.7014,0.0008,100.0,18.3035,wgsa2,0,tourlousse
SRR17380241,924,0.4744,0.0002,89.7752,0.5771,0.0011,100.0,21.3982,woltka,0,tourlousse
SRR17380242,1139,0.4781,0.0001,94.9065,0.5776,0.001,100.0,21.9121,woltka,0,tourlousse
SRR17380243,966,0.4751,0.0001,90.8209,0.5769,0.0011,100.0,21.4367,woltka,0,tourlousse
SRR17380244,1043,0.474,0.0001,94.2264,0.5763,0.0011,100.0,21.3547,woltka,0,tourlousse
SRR17380245,1030,0.4742,0.0001,93.3314,0.5763,0.0011,100.0,21.3264,woltka,0,tourlousse
SRR17380246,923,0.4732,0.0002,89.5226,0.576,0.0011,100.0,21.3206,woltka,0,tourlousse
EG,14,0.5049,0.0229,6.455,0.84,0.0342,85.7143,0.0,biobakery4,1e-05,nist
EG,24,0.6699,0.0146,8.7607,0.825,0.0302,100.0,0.0419,jams,1e-05,nist
EG,42,0.8511,0.0068,8.6076,0.857,0.0158,100.0,0.1589,wgsa2,1e-05,nist
EG,359,0.5141,0.0022,25.9451,0.5985,0.0139,100.0,6.5735,woltka,1e-05,nist
MIX-A,11,0.9901,0.0077,2.9796,0.9579,0.0142,81.8182,0.0,biobakery4,1e-05,nist
MIX-A,13,0.8089,0.0308,7.825,0.7999,0.0639,72.7273,0.0014,jams,1e-05,nist
MIX-A,37,0.9925,0.0029,6.5243,0.9465,0.0084,100.0,0.2784,wgsa2,1e-05,nist
MIX-A,220,0.5338,0.0042,23.3547,0.542,0.0272,100.0,21.2189,woltka,1e-05,nist
MIX-B,11,0.7377,0.0424,8.7925,0.7668,0.0731,72.7273,0.0,biobakery4,1e-05,nist
MIX-B,15,0.966,0.0149,7.699,0.8879,0.0255,81.8182,0.005,jams,1e-05,nist
MIX-B,24,0.975,0.0077,7.1553,0.9078,0.0163,100.0,0.0828,wgsa2,1e-05,nist
MIX-B,264,0.8451,0.0025,28.1786,0.6644,0.0144,100.0,13.6822,woltka,1e-05,nist
MIX-C,12,0.2631,0.0548,13.3953,0.671,0.12,63.6364,29.4877,biobakery4,1e-05,nist
MIX-C,14,0.4142,0.0565,13.0675,0.6042,0.1013,90.9091,23.379,jams,1e-05,nist
MIX-C,48,0.5121,0.0164,11.3956,0.6065,0.0604,100.0,8.8015,wgsa2,1e-05,nist
MIX-C,294,0.2794,0.0033,25.7962,0.5194,0.0276,100.0,45.344,woltka,1e-05,nist
MIX-D,11,0.9451,0.0163,3.4686,0.9103,0.0313,72.7273,0.0,biobakery4,1e-05,nist
MIX-D,16,0.8965,0.0179,7.895,0.8569,0.0405,90.9091,0.0259,jams,1e-05,nist
MIX-D,24,0.9013,0.0114,6.5399,0.8631,0.0332,100.0,0.1961,wgsa2,1e-05,nist
MIX-D,162,0.7302,0.0036,15.9102,0.7075,0.0234,100.0,1.78,woltka,1e-05,nist
EG,12,0.345,0.0265,2.7305,0.8407,0.037,91.6667,0.0,biobakery4,0.01,nist
EG,12,0.2265,0.0285,3.3366,0.8291,0.043,100.0,0.0,jams,0.01,nist
EG,12,0.1825,0.0236,3.8004,0.8587,0.0299,100.0,0.0,wgsa2,0.01,nist
EG,12,0.1088,0.0638,2.9017,0.6171,0.082,100.0,0.0,woltka,0.01,nist
MIX-A,6,0.9852,0.0136,1.1183,0.9591,0.0193,100.0,0.0,biobakery4,0.01,nist
MIX-A,6,0.7201,0.065,0.889,0.805,0.0943,100.0,0.0,jams,0.01,nist
MIX-A,6,0.9898,0.0157,0.6871,0.9529,0.0202,100.0,0.0,wgsa2,0.01,nist
MIX-A,8,0.3271,0.1112,6.388,0.5554,0.1486,100.0,17.2275,woltka,0.01,nist
MIX-B,7,0.6653,0.0666,8.3377,0.767,0.0927,85.7143,0.0,biobakery4,0.01,nist
MIX-B,6,0.9497,0.0347,2.8524,0.8958,0.0399,100.0,0.0,jams,0.01,nist
MIX-B,6,0.955,0.0298,3.7221,0.9107,0.0333,100.0,0.0,wgsa2,0.01,nist
MIX-B,12,0.8176,0.0469,10.1429,0.7188,0.0638,100.0,5.8849,woltka,0.01,nist
MIX-C,7,0.0807,0.0942,6.1183,0.6702,0.1587,83.3333,29.7475,biobakery4,0.01,nist
MIX-C,7,0.2091,0.1117,4.4364,0.6091,0.1444,100.0,23.5205,jams,0.01,nist
MIX-C,7,0.2849,0.113,4.9289,0.6044,0.1613,100.0,8.6081,wgsa2,0.01,nist
MIX-C,8,0.011,0.112,7.091,0.5519,0.1737,100.0,41.9269,woltka,0.01,nist
MIX-D,6,0.9125,0.0292,0.4479,0.9124,0.0426,100.0,0.0,biobakery4,0.01,nist
MIX-D,6,0.8248,0.0465,0.9017,0.8605,0.0661,100.0,0.0,jams,0.01,nist
MIX-D,6,0.8216,0.0449,0.5821,0.8652,0.0674,100.0,0.0,wgsa2,0.01,nist
MIX-D,8,0.5863,0.0725,5.1991,0.7101,0.107,100.0,0.0,woltka,0.01,nist
EG,14,0.5049,0.0229,6.455,0.84,0.0342,85.7143,0.0,biobakery4,0.0001,nist
EG,16,0.5195,0.0219,8.221,0.8251,0.037,100.0,0.017,jams,0.0001,nist
EG,17,0.7056,0.0168,5.3905,0.8573,0.0249,100.0,0.0855,wgsa2,0.0001,nist
EG,104,0.4903,0.0077,11.2129,0.6005,0.026,100.0,5.8083,woltka,0.0001,nist
MIX-A,11,0.9901,0.0077,2.9796,0.9579,0.0142,81.8182,0.0,biobakery4,0.0001,nist
MIX-A,12,0.8044,0.0333,7.8245,0.7999,0.0665,72.7273,0.0,jams,0.0001,nist
MIX-A,16,0.9918,0.0066,5.0977,0.9472,0.0127,100.0,0.2011,wgsa2,0.0001,nist
MIX-A,71,0.5211,0.0129,13.5829,0.5432,0.048,100.0,20.819,woltka,0.0001,nist
MIX-B,11,0.7377,0.0424,8.7925,0.7668,0.0731,72.7273,0.0,biobakery4,0.0001,nist
MIX-B,12,0.9641,0.0187,7.6764,0.8879,0.0285,81.8182,0.0,jams,0.0001,nist
MIX-B,15,0.9723,0.0123,6.649,0.9078,0.0206,100.0,0.0593,wgsa2,0.0001,nist
MIX-B,98,0.8437,0.0068,15.5132,0.6677,0.0236,100.0,13.234,woltka,0.0001,nist
MIX-C,12,0.2631,0.0548,13.3953,0.671,0.12,63.6364,29.4877,biobakery4,0.0001,nist
MIX-C,13,0.4014,0.0609,13.0499,0.6042,0.1051,90.9091,23.3781,jams,0.0001,nist
MIX-C,17,0.4554,0.0463,10.0075,0.6068,0.1016,100.0,8.6894,wgsa2,0.0001,nist
MIX-C,90,0.263,0.0106,14.3575,0.5224,0.05,100.0,44.9789,woltka,0.0001,nist
MIX-D,11,0.9451,0.0163,3.4686,0.9103,0.0313,72.7273,0.0,biobakery4,0.0001,nist
MIX-D,13,0.8902,0.022,7.8532,0.8569,0.045,90.9091,0.021,jams,0.0001,nist
MIX-D,13,0.8865,0.021,6.1381,0.8632,0.0452,100.0,0.1668,wgsa2,0.0001,nist
MIX-D,49,0.7181,0.0119,9.4359,0.7078,0.0426,100.0,1.4004,woltka,0.0001,nist
EG,14,0.5049,0.0229,6.455,0.84,0.0342,85.7143,0.0,biobakery4,0.001,nist
EG,15,0.4718,0.0233,8.1857,0.8251,0.0382,100.0,0.0,jams,0.001,nist
EG,15,0.6246,0.019,5.186,0.8575,0.0265,100.0,0.0,wgsa2,0.001,nist
EG,32,0.4017,0.0247,9.2234,0.6054,0.0478,100.0,3.952,woltka,0.001,nist
MIX-A,8,0.9883,0.0105,1.2667,0.9582,0.0167,100.0,0.0,biobakery4,0.001,nist
MIX-A,9,0.7822,0.0444,5.6414,0.8002,0.0768,100.0,0.0,jams,0.001,nist
MIX-A,8,0.9904,0.0124,0.7571,0.9505,0.0176,100.0,0.0,wgsa2,0.001,nist
MIX-A,22,0.4758,0.0411,12.1823,0.5474,0.0874,100.0,19.3598,woltka,0.001,nist
MIX-B,9,0.7117,0.0517,8.379,0.7672,0.0808,88.8889,0.0,biobakery4,0.001,nist
MIX-B,9,0.9604,0.0248,6.3339,0.8885,0.0329,100.0,0.0,jams,0.001,nist
MIX-B,10,0.9677,0.0184,6.1402,0.9082,0.0253,100.0,0.0,wgsa2,0.001,nist
MIX-B,34,0.839,0.0189,12.1055,0.6794,0.0395,100.0,11.6132,woltka,0.001,nist
MIX-C,9,0.1788,0.073,8.9531,0.6713,0.1386,87.5,29.4877,biobakery4,0.001,nist
MIX-C,10,0.342,0.0791,9.4574,0.6043,0.1199,100.0,23.3835,jams,0.001,nist
MIX-C,10,0.3793,0.0785,6.4067,0.6075,0.1331,100.0,8.4784,wgsa2,0.001,nist
MIX-C,21,0.1804,0.0444,13.0609,0.534,0.1048,100.0,43.5475,woltka,0.001,nist
MIX-D,8,0.9335,0.0223,1.0739,0.9107,0.0367,100.0,0.0,biobakery4,0.001,nist
MIX-D,9,0.872,0.0317,4.8125,0.8572,0.054,100.0,0.0,jams,0.001,nist
MIX-D,10,0.8741,0.0273,2.0112,0.8634,0.0515,100.0,0.1669,wgsa2,0.001,nist
MIX-D,10,0.6269,0.0583,6.5729,0.7087,0.0954,100.0,0.1723,woltka,0.001,nist
EG,14,0.5049,0.0229,6.455,0.84,0.0342,85.7143,0.0,biobakery4,0,nist
EG,26,0.685,0.0135,9.0954,0.825,0.029,100.0,0.0438,jams,0,nist
EG,384,0.8855,0.0007,29.1235,0.8568,0.0052,100.0,0.2129,wgsa2,0,nist
EG,1633,0.5213,0.0005,92.0259,0.5981,0.0065,100.0,6.7404,woltka,0,nist
MIX-A,11,0.9901,0.0077,2.9796,0.9579,0.0142,81.8182,0.0,biobakery4,0,nist
MIX-A,18,0.8225,0.0222,8.0889,0.7999,0.0543,72.7273,0.0041,jams,0,nist
MIX-A,227,0.9929,0.0005,26.4735,0.9463,0.0034,100.0,0.3048,wgsa2,0,nist
MIX-A,1322,0.5387,0.0007,85.3577,0.5418,0.0111,100.0,21.3113,woltka,0,nist
MIX-B,11,0.7377,0.0424,8.7925,0.7668,0.0731,72.7273,0.0,biobakery4,0,nist
MIX-B,20,0.9678,0.0112,7.8828,0.8879,0.022,81.8182,0.0083,jams,0,nist
MIX-B,241,0.9782,0.0008,24.3971,0.9077,0.0051,100.0,0.1143,wgsa2,0,nist
MIX-B,1243,0.8457,0.0005,80.7054,0.6635,0.0067,100.0,13.8126,woltka,0,nist
MIX-C,12,0.2631,0.0548,13.3953,0.671,0.12,63.6364,29.4877,biobakery4,0,nist
MIX-C,15,0.4249,0.0528,13.1111,0.6042,0.0979,90.9091,23.3796,jams,0,nist
MIX-C,395,0.5355,0.002,31.1156,0.6064,0.021,100.0,8.8604,wgsa2,0,nist
MIX-C,1363,0.285,0.0007,86.5996,0.5189,0.0128,100.0,45.4164,woltka,0,nist
MIX-D,11,0.9451,0.0163,3.4686,0.9103,0.0313,72.7273,0.0,biobakery4,0,nist
MIX-D,21,0.9022,0.0136,8.0882,0.8569,0.0354,90.9091,0.0287,jams,0,nist
MIX-D,273,0.9136,0.001,23.5847,0.8629,0.0098,100.0,0.2286,wgsa2,0,nist
MIX-D,1088,0.7344,0.0005,70.4102,0.7075,0.009,100.0,1.8813,woltka,0,nist
S1,18,0.9949,0.0062,9.3809,0.9446,0.0125,94.1176,0.9055,biobakery4,1e-05,camisimGI
S1,37,0.9969,0.0027,12.8843,0.9505,0.0054,88.2353,3.8421,jams,1e-05,camisimGI
S1,59,0.9969,0.0016,15.334,0.9526,0.0045,94.1176,3.4599,wgsa2,1e-05,camisimGI
S1,91,0.9563,0.0028,13.6131,0.8741,0.0135,100.0,2.3661,woltka,1e-05,camisimGI
S2,12,0.9588,0.014,5.4271,0.9163,0.0247,88.8889,1.579,biobakery4,1e-05,camisimGI
S2,19,0.9572,0.0114,9.0663,0.8915,0.0216,77.7778,3.3956,jams,1e-05,camisimGI
S2,32,0.9719,0.0061,16.7931,0.9023,0.0142,100.0,3.6023,wgsa2,1e-05,camisimGI
S2,97,0.7851,0.0056,12.1792,0.7306,0.0281,100.0,1.0622,woltka,1e-05,camisimGI
S1,4,0.9938,0.0178,0.1416,0.9644,0.0241,100.0,0.0,biobakery4,0.01,camisimGI
S1,5,0.996,0.0121,3.68,0.9697,0.0145,75.0,2.5586,jams,0.01,camisimGI
S1,5,0.9959,0.0118,3.7685,0.9705,0.0152,75.0,2.8758,wgsa2,0.01,camisimGI
S1,5,0.9234,0.0418,1.2962,0.8955,0.0611,100.0,0.0,woltka,0.01,camisimGI
S2,6,0.9314,0.0259,2.1498,0.9224,0.0359,83.3333,0.0,biobakery4,0.01,camisimGI
S2,7,0.9272,0.0278,3.7345,0.9026,0.0358,83.3333,2.2322,jams,0.01,camisimGI
S2,7,0.9472,0.0244,11.0262,0.9146,0.0304,100.0,2.1557,wgsa2,0.01,camisimGI
S2,6,0.6328,0.0882,1.3717,0.7355,0.115,100.0,0.0,woltka,0.01,camisimGI
S1,18,0.9949,0.0062,9.3809,0.9446,0.0125,94.1176,0.9055,biobakery4,0.0001,camisimGI
S1,23,0.9968,0.0043,12.1383,0.9506,0.0069,88.2353,3.8046,jams,0.0001,camisimGI
S1,25,0.9967,0.0037,14.0043,0.9535,0.0068,94.1176,3.3597,wgsa2,0.0001,camisimGI
S1,45,0.9549,0.0056,10.4071,0.8744,0.0192,100.0,2.2202,woltka,0.0001,camisimGI
S2,12,0.9588,0.014,5.4271,0.9163,0.0247,88.8889,1.579,biobakery4,0.0001,camisimGI
S2,15,0.9541,0.0145,6.9507,0.8916,0.0243,77.7778,3.3823,jams,0.0001,camisimGI
S2,15,0.9668,0.013,15.1122,0.9026,0.0207,100.0,3.5651,wgsa2,0.0001,camisimGI
S2,36,0.7742,0.0149,4.3951,0.7312,0.0462,100.0,0.8598,woltka,0.0001,camisimGI
S1,17,0.9949,0.0065,7.7668,0.9446,0.0128,93.75,0.9061,biobakery4,0.001,camisimGI
S1,19,0.9967,0.0051,7.3939,0.9514,0.0076,87.5,3.7718,jams,0.001,camisimGI
S1,19,0.9966,0.0048,11.423,0.9544,0.0078,93.75,3.247,wgsa2,0.001,camisimGI
S1,22,0.952,0.0113,6.7784,0.8753,0.0275,100.0,1.768,woltka,0.001,camisimGI
S2,12,0.9588,0.014,5.4271,0.9163,0.0247,88.8889,1.579,biobakery4,0.001,camisimGI
S2,14,0.953,0.0154,6.9469,0.8922,0.0251,77.7778,3.3104,jams,0.001,camisimGI
S2,14,0.9659,0.0138,15.0807,0.9031,0.0214,100.0,3.5673,wgsa2,0.001,camisimGI
S2,10,0.7165,0.0533,2.4881,0.7333,0.0885,100.0,0.1016,woltka,0.001,camisimGI
S1,18,0.9949,0.0062,9.3809,0.9446,0.0125,94.1176,0.9055,biobakery4,0,camisimGI
S1,110,0.9971,0.0009,22.2697,0.9504,0.0032,88.2353,3.8555,jams,0,camisimGI
S1,1103,0.997,0.0001,57.9794,0.952,0.001,94.1176,3.5337,wgsa2,0,camisimGI
S1,551,0.9573,0.0005,60.0694,0.874,0.0055,100.0,2.4123,woltka,0,camisimGI
S2,12,0.9588,0.014,5.4271,0.9163,0.0247,88.8889,1.579,biobakery4,0,camisimGI
S2,27,0.9602,0.008,14.9608,0.8915,0.0181,77.7778,3.398,jams,0,camisimGI
S2,736,0.9752,0.0003,49.0102,0.9021,0.003,100.0,3.639,wgsa2,0,camisimGI
S2,410,0.7897,0.0013,57.1606,0.7305,0.0137,100.0,1.0929,woltka,0,camisimGI
