SampleID,Diversity,R^2,MAE,AD,1-BC,RMSE,Sens,FPRA,Pipeline,threshold,Source,Unclassified
SRR11487937,17,0.5315,0.0291,9.9615,0.7525,0.0338,87.5,4.6137,biobakery3,0.01,mixed,
SRR11487938,17,0.552,0.0288,9.3097,0.7556,0.0333,87.5,4.5333,biobakery3,0.01,mixed,
SRR11487939,17,0.5207,0.029,11.3751,0.7533,0.0343,87.5,4.8612,biobakery3,0.01,mixed,
SRR11487940,17,0.5497,0.0279,9.8744,0.7633,0.033,87.5,4.6898,biobakery3,0.01,mixed,
SRR11487941,17,0.5396,0.029,11.408,0.7538,0.034,87.5,4.9541,biobakery3,0.01,mixed,
SRR11487937,16,0.7057,0.0194,1.7957,0.8447,0.0281,100.0,0.0,biobakery4,0.01,mixed,
SRR11487938,16,0.6971,0.0204,1.9222,0.8368,0.0296,100.0,0.0,biobakery4,0.01,mixed,
SRR11487939,16,0.6971,0.0198,1.9306,0.8414,0.0294,100.0,0.0,biobakery4,0.01,mixed,
SRR11487940,16,0.7089,0.0193,1.8183,0.8459,0.0282,100.0,0.0,biobakery4,0.01,mixed,
SRR11487941,16,0.7041,0.0194,1.8753,0.8452,0.0288,100.0,0.0,biobakery4,0.01,mixed,
SRR11487937,17,0.5762,0.0216,2.8573,0.816,0.0262,100.0,2.0036,jams,0.01,mixed,
SRR11487938,17,0.5844,0.0215,2.7547,0.817,0.0264,100.0,1.6046,jams,0.01,mixed,
SRR11487939,17,0.5669,0.0218,3.1795,0.8148,0.0268,100.0,2.9044,jams,0.01,mixed,
SRR11487940,17,0.5918,0.0212,2.6976,0.8194,0.0261,100.0,1.5831,jams,0.01,mixed,
SRR11487941,17,0.5835,0.0215,2.8662,0.8172,0.0263,100.0,1.9874,jams,0.01,mixed,
SRR11487937,17,0.5826,0.0216,2.7279,0.8161,0.0262,100.0,1.5759,jams202212,0.01,mixed,
SRR11487938,17,0.5893,0.0215,2.6397,0.8173,0.0264,100.0,1.2271,jams202212,0.01,mixed,
SRR11487939,17,0.5812,0.0217,3.0175,0.8156,0.0266,100.0,2.1234,jams202212,0.01,mixed,
SRR11487940,17,0.5976,0.0211,2.5725,0.8203,0.0261,100.0,1.1959,jams202212,0.01,mixed,
SRR11487941,17,0.5885,0.0215,2.7595,0.8172,0.0263,100.0,1.5797,jams202212,0.01,mixed,
SRR11487937,17,0.3462,0.0303,7.2287,0.7426,0.0387,100.0,9.2801,wgsa2,0.01,mixed,
SRR11487938,17,0.3535,0.0303,7.2926,0.7426,0.0388,100.0,9.132,wgsa2,0.01,mixed,
SRR11487939,17,0.3525,0.0305,7.0712,0.7411,0.0391,100.0,9.2484,wgsa2,0.01,mixed,
SRR11487940,17,0.3551,0.0302,7.103,0.7432,0.0387,100.0,9.1336,wgsa2,0.01,mixed,
SRR11487941,17,0.3549,0.0303,7.2388,0.7425,0.0389,100.0,9.1973,wgsa2,0.01,mixed,
SRR11487937,18,0.0953,0.0345,5.7177,0.6896,0.0432,93.75,7.1205,woltka,0.01,mixed,
SRR11487938,18,0.0947,0.0347,5.7186,0.6879,0.0436,93.75,7.0304,woltka,0.01,mixed,
SRR11487939,18,0.0967,0.0343,5.7435,0.6917,0.0432,93.75,7.1268,woltka,0.01,mixed,
SRR11487940,18,0.0959,0.0346,5.703,0.6888,0.0436,93.75,7.0165,woltka,0.01,mixed,
SRR11487941,18,0.0958,0.0345,5.717,0.6895,0.0435,93.75,7.1312,woltka,0.01,mixed,
SRR11487937,17,0.5315,0.0291,9.9615,0.7525,0.0338,87.5,4.6137,biobakery3,0.0001,mixed,0.0
SRR11487938,17,0.552,0.0288,9.3097,0.7556,0.0333,87.5,4.5333,biobakery3,0.0001,mixed,0.0
SRR11487939,17,0.5207,0.029,11.3751,0.7533,0.0343,87.5,4.8612,biobakery3,0.0001,mixed,0.0
SRR11487940,17,0.5497,0.0279,9.8744,0.7633,0.033,87.5,4.6898,biobakery3,0.0001,mixed,0.0
SRR11487941,17,0.5396,0.029,11.408,0.7538,0.034,87.5,4.9541,biobakery3,0.0001,mixed,0.0
SRR11487937,16,0.7057,0.0194,1.7957,0.8447,0.0281,100.0,0.0,biobakery4,0.0001,mixed,0.0
SRR11487938,16,0.6971,0.0204,1.9222,0.8368,0.0296,100.0,0.0,biobakery4,0.0001,mixed,0.0
SRR11487939,16,0.6971,0.0198,1.9306,0.8414,0.0294,100.0,0.0,biobakery4,0.0001,mixed,0.0
SRR11487940,16,0.7089,0.0193,1.8183,0.8459,0.0282,100.0,0.0,biobakery4,0.0001,mixed,0.0
SRR11487941,16,0.7041,0.0194,1.8753,0.8452,0.0288,100.0,0.0,biobakery4,0.0001,mixed,0.0
SRR11487937,25,0.7472,0.0148,7.2661,0.8154,0.0216,100.0,2.1794,jams,0.0001,mixed,0.0
SRR11487938,24,0.7391,0.0153,5.8057,0.8162,0.0222,100.0,1.8452,jams,0.0001,mixed,0.0
SRR11487939,27,0.7547,0.0138,7.9167,0.8143,0.0212,100.0,3.1123,jams,0.0001,mixed,0.0
SRR11487940,24,0.7446,0.0151,7.2145,0.8191,0.022,100.0,1.7115,jams,0.0001,mixed,0.0
SRR11487941,24,0.7397,0.0153,7.0752,0.8167,0.0221,100.0,2.1343,jams,0.0001,mixed,0.0
SRR11487937,17,0.6029,0.0216,2.426,0.8161,0.0269,100.0,0.8074,jams202212,0.0001,mixed,0.0
SRR11487938,17,0.6077,0.0216,2.3181,0.8168,0.0271,100.0,0.4641,jams202212,0.0001,mixed,0.0
SRR11487939,17,0.6152,0.0214,2.7375,0.8184,0.027,100.0,1.2142,jams202212,0.0001,mixed,0.0
SRR11487940,17,0.616,0.0212,2.2776,0.8196,0.0269,100.0,0.5206,jams202212,0.0001,mixed,0.0
SRR11487941,17,0.6121,0.0213,2.4107,0.8187,0.0271,100.0,0.7127,jams202212,0.0001,mixed,0.0
SRR11487937,48,0.6661,0.0109,10.5522,0.7382,0.0227,100.0,10.6975,wgsa2,0.0001,mixed,0.0
SRR11487938,47,0.6653,0.0111,10.4484,0.7384,0.023,100.0,10.478,wgsa2,0.0001,mixed,0.0
SRR11487939,48,0.6646,0.011,10.4124,0.7368,0.0229,100.0,10.6586,wgsa2,0.0001,mixed,0.0
SRR11487940,47,0.6662,0.0111,10.5161,0.7385,0.0229,100.0,10.6376,wgsa2,0.0001,mixed,0.0
SRR11487941,48,0.6671,0.0109,10.4502,0.7383,0.0228,100.0,10.5573,wgsa2,0.0001,mixed,0.0
SRR11487937,78,0.5604,0.0083,13.8032,0.6782,0.0204,93.75,10.1548,woltka,0.0001,mixed,0.0
SRR11487938,78,0.5559,0.0083,13.8399,0.6753,0.0205,93.75,10.0943,woltka,0.0001,mixed,0.0
SRR11487939,77,0.5602,0.0083,13.757,0.68,0.0205,93.75,10.1534,woltka,0.0001,mixed,0.0
SRR11487940,79,0.558,0.0082,13.8342,0.6752,0.0204,93.75,10.1407,woltka,0.0001,mixed,0.0
SRR11487941,79,0.5591,0.0082,13.8913,0.6768,0.0203,93.75,10.2316,woltka,0.0001,mixed,0.0
SRR11487937,17,0.5315,0.0291,9.9615,0.7525,0.0338,87.5,4.6137,biobakery3,0.001,mixed,
SRR11487938,17,0.552,0.0288,9.3097,0.7556,0.0333,87.5,4.5333,biobakery3,0.001,mixed,
SRR11487939,17,0.5207,0.029,11.3751,0.7533,0.0343,87.5,4.8612,biobakery3,0.001,mixed,
SRR11487940,17,0.5497,0.0279,9.8744,0.7633,0.033,87.5,4.6898,biobakery3,0.001,mixed,
SRR11487941,17,0.5396,0.029,11.408,0.7538,0.034,87.5,4.9541,biobakery3,0.001,mixed,
SRR11487937,16,0.7057,0.0194,1.7957,0.8447,0.0281,100.0,0.0,biobakery4,0.001,mixed,
SRR11487938,16,0.6971,0.0204,1.9222,0.8368,0.0296,100.0,0.0,biobakery4,0.001,mixed,
SRR11487939,16,0.6971,0.0198,1.9306,0.8414,0.0294,100.0,0.0,biobakery4,0.001,mixed,
SRR11487940,16,0.7089,0.0193,1.8183,0.8459,0.0282,100.0,0.0,biobakery4,0.001,mixed,
SRR11487941,16,0.7041,0.0194,1.8753,0.8452,0.0288,100.0,0.0,biobakery4,0.001,mixed,
SRR11487937,17,0.5762,0.0216,2.8573,0.816,0.0262,100.0,2.0036,jams,0.001,mixed,
SRR11487938,17,0.5844,0.0215,2.7547,0.817,0.0264,100.0,1.6046,jams,0.001,mixed,
SRR11487939,17,0.5669,0.0218,3.1795,0.8148,0.0268,100.0,2.9044,jams,0.001,mixed,
SRR11487940,17,0.5918,0.0212,2.6976,0.8194,0.0261,100.0,1.5831,jams,0.001,mixed,
SRR11487941,17,0.5835,0.0215,2.8662,0.8172,0.0263,100.0,1.9874,jams,0.001,mixed,
SRR11487937,17,0.5826,0.0216,2.7279,0.8161,0.0262,100.0,1.5759,jams202212,0.001,mixed,
SRR11487938,17,0.5893,0.0215,2.6397,0.8173,0.0264,100.0,1.2271,jams202212,0.001,mixed,
SRR11487939,17,0.5812,0.0217,3.0175,0.8156,0.0266,100.0,2.1234,jams202212,0.001,mixed,
SRR11487940,17,0.5976,0.0211,2.5725,0.8203,0.0261,100.0,1.1959,jams202212,0.001,mixed,
SRR11487941,17,0.5885,0.0215,2.7595,0.8172,0.0263,100.0,1.5797,jams202212,0.001,mixed,
SRR11487937,22,0.5068,0.0236,7.2852,0.7404,0.0338,100.0,9.9794,wgsa2,0.001,mixed,
SRR11487938,21,0.49,0.0247,7.3344,0.7408,0.0347,100.0,9.7167,wgsa2,0.001,mixed,
SRR11487939,21,0.4878,0.0248,7.1104,0.7393,0.035,100.0,9.8384,wgsa2,0.001,mixed,
SRR11487940,22,0.5106,0.0236,7.1542,0.7406,0.0337,100.0,9.9581,wgsa2,0.001,mixed,
SRR11487941,21,0.4905,0.0247,7.2823,0.7407,0.0348,100.0,9.7829,wgsa2,0.001,mixed,
SRR11487937,24,0.3072,0.0263,7.5269,0.6847,0.0371,93.75,8.4433,woltka,0.001,mixed,
SRR11487938,24,0.3035,0.0264,7.487,0.6828,0.0375,93.75,8.3852,woltka,0.001,mixed,
SRR11487939,24,0.3084,0.0261,7.4958,0.6867,0.0371,93.75,8.4681,woltka,0.001,mixed,
SRR11487940,24,0.3049,0.0264,7.4958,0.6837,0.0374,93.75,8.3877,woltka,0.001,mixed,
SRR11487941,24,0.3057,0.0263,7.5249,0.6844,0.0373,93.75,8.4888,woltka,0.001,mixed,
SRR11487931,11,0.9042,0.025,7.9837,0.8623,0.038,90.9091,0.0,biobakery3,0.01,hilo,
SRR11487932,11,0.8893,0.0245,7.0953,0.8654,0.0388,90.9091,0.0,biobakery3,0.01,hilo,
SRR11487933,12,0.8954,0.0215,9.866,0.8708,0.0349,90.9091,1.0804,biobakery3,0.01,hilo,
SRR11487934,12,0.8825,0.0211,9.3517,0.8732,0.0368,90.9091,1.0072,biobakery3,0.01,hilo,
SRR11487935,12,0.9002,0.0203,8.4631,0.8781,0.0336,90.9091,1.1855,biobakery3,0.01,hilo,
SRR11487931,11,0.9214,0.0311,1.8046,0.8291,0.0517,100.0,0.0,biobakery4,0.01,hilo,
SRR11487932,11,0.9168,0.0321,1.8583,0.8233,0.0518,100.0,0.0,biobakery4,0.01,hilo,
SRR11487933,11,0.9292,0.0288,1.6902,0.8413,0.0473,100.0,0.0,biobakery4,0.01,hilo,
SRR11487934,11,0.9232,0.0302,1.6995,0.834,0.0489,100.0,0.0,biobakery4,0.01,hilo,
SRR11487935,11,0.9306,0.0289,1.5318,0.8412,0.0467,100.0,0.0,biobakery4,0.01,hilo,
SRR11487931,11,0.8871,0.0309,2.2112,0.8298,0.0413,100.0,0.0,jams,0.01,hilo,
SRR11487932,11,0.8793,0.0313,2.2703,0.828,0.0421,100.0,0.0,jams,0.01,hilo,
SRR11487933,11,0.8945,0.0291,2.0827,0.84,0.0382,100.0,0.0,jams,0.01,hilo,
SRR11487934,11,0.8843,0.0304,2.1903,0.8326,0.0404,100.0,0.0,jams,0.01,hilo,
SRR11487935,11,0.9018,0.0288,2.0791,0.8414,0.0374,100.0,0.0,jams,0.01,hilo,
SRR11487931,11,0.8865,0.0309,2.1949,0.83,0.0412,100.0,0.0,jams202212,0.01,hilo,
SRR11487932,11,0.8794,0.0312,2.2574,0.8285,0.042,100.0,0.0,jams202212,0.01,hilo,
SRR11487933,11,0.8945,0.0291,2.0669,0.8402,0.0381,100.0,0.0,jams202212,0.01,hilo,
SRR11487934,11,0.884,0.0304,2.1788,0.8327,0.0403,100.0,0.0,jams202212,0.01,hilo,
SRR11487935,11,0.9012,0.0288,2.0681,0.8417,0.0373,100.0,0.0,jams202212,0.01,hilo,
SRR11487931,12,0.8967,0.0322,3.6857,0.8069,0.0448,100.0,3.0043,wgsa2,0.01,hilo,
SRR11487932,12,0.8942,0.0326,3.7267,0.8046,0.045,100.0,2.9962,wgsa2,0.01,hilo,
SRR11487933,12,0.9017,0.0309,3.6507,0.8144,0.0412,100.0,3.1538,wgsa2,0.01,hilo,
SRR11487934,12,0.899,0.0314,3.6486,0.8119,0.0424,100.0,3.0235,wgsa2,0.01,hilo,
SRR11487935,12,0.9053,0.0303,3.6284,0.8185,0.0402,100.0,3.2148,wgsa2,0.01,hilo,
SRR11487931,12,0.229,0.0665,6.0579,0.6009,0.0977,90.9091,11.1296,woltka,0.01,hilo,
SRR11487932,12,0.2109,0.068,6.1218,0.5922,0.1,90.9091,11.3425,woltka,0.01,hilo,
SRR11487933,12,0.2163,0.0668,6.0014,0.5994,0.0984,90.9091,10.9561,woltka,0.01,hilo,
SRR11487934,12,0.2333,0.0657,5.9988,0.606,0.0967,90.9091,10.847,woltka,0.01,hilo,
SRR11487935,12,0.2232,0.066,5.9547,0.604,0.0975,90.9091,10.8592,woltka,0.01,hilo,
SRR11487931,17,0.9182,0.0168,10.9513,0.857,0.0303,87.5,0.8751,biobakery3,0.0001,hilo,0.0
SRR11487932,17,0.9074,0.0165,10.5054,0.8594,0.0309,81.25,0.9388,biobakery3,0.0001,hilo,0.0
SRR11487933,17,0.9109,0.0157,13.072,0.8669,0.0293,81.25,1.0776,biobakery3,0.0001,hilo,0.0
SRR11487934,17,0.9,0.0154,11.3667,0.8692,0.0309,87.5,1.0047,biobakery3,0.0001,hilo,0.0
SRR11487935,17,0.9153,0.0149,11.1975,0.8735,0.0283,81.25,1.1836,biobakery3,0.0001,hilo,0.0
SRR11487931,16,0.9209,0.0215,2.2141,0.8278,0.0429,100.0,0.0,biobakery4,0.0001,hilo,0.0
SRR11487932,16,0.9174,0.0223,2.236,0.8219,0.043,100.0,0.0,biobakery4,0.0001,hilo,0.0
SRR11487933,16,0.9296,0.02,2.1698,0.8398,0.0392,100.0,0.0,biobakery4,0.0001,hilo,0.0
SRR11487934,16,0.9241,0.021,2.2345,0.8324,0.0406,100.0,0.0,biobakery4,0.0001,hilo,0.0
SRR11487935,16,0.9312,0.0201,2.2836,0.8391,0.0388,100.0,0.0,biobakery4,0.0001,hilo,0.0
SRR11487931,19,0.9072,0.0186,8.6952,0.8233,0.0312,100.0,0.7685,jams,0.0001,hilo,0.0
SRR11487932,18,0.8999,0.0198,7.6305,0.8218,0.0327,100.0,0.7049,jams,0.0001,hilo,0.0
SRR11487933,19,0.9149,0.0175,7.7663,0.8337,0.0289,100.0,0.6833,jams,0.0001,hilo,0.0
SRR11487934,18,0.9049,0.0193,7.8571,0.8262,0.0314,100.0,0.7414,jams,0.0001,hilo,0.0
SRR11487935,19,0.9201,0.0174,8.6408,0.8348,0.0283,100.0,0.8156,jams,0.0001,hilo,0.0
SRR11487931,16,0.9043,0.0219,2.8416,0.825,0.0348,68.75,0.0,jams202212,0.0001,hilo,0.0
SRR11487932,16,0.8984,0.0221,2.9141,0.8232,0.0354,68.75,0.0,jams202212,0.0001,hilo,0.0
SRR11487933,16,0.9133,0.0206,2.6511,0.835,0.0319,68.75,0.0,jams202212,0.0001,hilo,0.0
SRR11487934,16,0.9028,0.0216,2.8597,0.8273,0.0339,68.75,0.0,jams202212,0.0001,hilo,0.0
SRR11487935,16,0.9178,0.0205,2.6396,0.8358,0.0315,68.75,0.0,jams202212,0.0001,hilo,0.0
SRR11487931,30,0.9123,0.0131,9.1085,0.8034,0.028,100.0,3.6632,wgsa2,0.0001,hilo,0.0
SRR11487932,29,0.9102,0.0137,9.4455,0.8008,0.0285,100.0,3.8162,wgsa2,0.0001,hilo,0.0
SRR11487933,30,0.9192,0.0126,9.1518,0.8111,0.0257,100.0,3.7572,wgsa2,0.0001,hilo,0.0
SRR11487934,30,0.9163,0.0128,9.4864,0.8081,0.0264,100.0,3.787,wgsa2,0.0001,hilo,0.0
SRR11487935,30,0.9223,0.0123,8.9791,0.8149,0.0251,100.0,3.8416,wgsa2,0.0001,hilo,0.0
SRR11487931,55,0.4512,0.0148,12.6486,0.5933,0.0449,93.75,12.7959,woltka,0.0001,hilo,0.0
SRR11487932,56,0.4342,0.0148,12.722,0.5849,0.0456,93.75,12.9989,woltka,0.0001,hilo,0.0
SRR11487933,56,0.4428,0.0146,12.6679,0.5915,0.0448,93.75,12.6912,woltka,0.0001,hilo,0.0
SRR11487934,54,0.4562,0.0149,12.5359,0.5983,0.0449,93.75,12.4913,woltka,0.0001,hilo,0.0
SRR11487935,57,0.4508,0.0142,12.6337,0.5961,0.044,93.75,12.6258,woltka,0.0001,hilo,0.0
SRR11487931,17,0.9182,0.0168,10.9513,0.857,0.0303,87.5,0.8751,biobakery3,0.001,hilo,
SRR11487932,17,0.9074,0.0165,10.5054,0.8594,0.0309,81.25,0.9388,biobakery3,0.001,hilo,
SRR11487933,17,0.9109,0.0157,13.072,0.8669,0.0293,81.25,1.0776,biobakery3,0.001,hilo,
SRR11487934,17,0.9,0.0154,11.3667,0.8692,0.0309,87.5,1.0047,biobakery3,0.001,hilo,
SRR11487935,17,0.9153,0.0149,11.1975,0.8735,0.0283,81.25,1.1836,biobakery3,0.001,hilo,
SRR11487931,16,0.9209,0.0215,2.2141,0.8278,0.0429,100.0,0.0,biobakery4,0.001,hilo,
SRR11487932,16,0.9174,0.0223,2.236,0.8219,0.043,100.0,0.0,biobakery4,0.001,hilo,
SRR11487933,16,0.9296,0.02,2.1698,0.8398,0.0392,100.0,0.0,biobakery4,0.001,hilo,
SRR11487934,16,0.9241,0.021,2.2345,0.8324,0.0406,100.0,0.0,biobakery4,0.001,hilo,
SRR11487935,16,0.9312,0.0201,2.2836,0.8391,0.0388,100.0,0.0,biobakery4,0.001,hilo,
SRR11487931,17,0.9044,0.0208,7.938,0.8235,0.033,100.0,0.6573,jams,0.001,hilo,
SRR11487932,17,0.8983,0.021,7.3421,0.8218,0.0337,100.0,0.6677,jams,0.001,hilo,
SRR11487933,17,0.9121,0.0196,7.4425,0.8338,0.0306,100.0,0.6376,jams,0.001,hilo,
SRR11487934,17,0.9032,0.0204,7.5574,0.8263,0.0323,100.0,0.7029,jams,0.001,hilo,
SRR11487935,17,0.9175,0.0194,8.0738,0.8349,0.0299,100.0,0.7336,jams,0.001,hilo,
SRR11487931,17,0.9042,0.0207,7.6532,0.824,0.0331,100.0,0.5031,jams202212,0.001,hilo,
SRR11487932,17,0.8987,0.0209,7.0615,0.8225,0.0337,100.0,0.5485,jams202212,0.001,hilo,
SRR11487933,17,0.9123,0.0195,7.2188,0.8342,0.0306,100.0,0.5416,jams202212,0.001,hilo,
SRR11487934,17,0.9033,0.0204,7.316,0.8267,0.0323,100.0,0.521,jams202212,0.001,hilo,
SRR11487935,17,0.9174,0.0193,7.4883,0.8356,0.03,100.0,0.5483,jams202212,0.001,hilo,
SRR11487931,18,0.906,0.0217,8.0148,0.8047,0.0365,100.0,3.1457,wgsa2,0.001,hilo,
SRR11487932,20,0.9054,0.0199,9.104,0.8014,0.0345,100.0,3.5528,wgsa2,0.001,hilo,
SRR11487933,18,0.9123,0.0209,8.2001,0.8123,0.0335,100.0,3.2842,wgsa2,0.001,hilo,
SRR11487934,20,0.9111,0.0191,8.9926,0.809,0.0326,100.0,3.4437,wgsa2,0.001,hilo,
SRR11487935,18,0.9156,0.0204,8.0002,0.8162,0.0328,100.0,3.3552,wgsa2,0.001,hilo,
SRR11487931,22,0.3714,0.0366,11.312,0.5973,0.0713,93.75,11.9419,woltka,0.001,hilo,
SRR11487932,22,0.3528,0.0374,11.3336,0.5889,0.073,93.75,12.1251,woltka,0.001,hilo,
SRR11487933,21,0.3534,0.0385,11.0132,0.596,0.0735,93.75,11.7257,woltka,0.001,hilo,
SRR11487934,21,0.3698,0.0378,11.0253,0.6027,0.0723,93.75,11.5662,woltka,0.001,hilo,
SRR11487935,21,0.3607,0.038,11.0004,0.6006,0.0728,93.75,11.6542,woltka,0.001,hilo,
S1,8,0.0127,0.1772,11.4763,0.2912,0.2573,62.5,0.0,biobakery3,0.01,bmock12,
S1,9,0.9054,0.0304,5.4066,0.8631,0.0463,75.0,1.1781,biobakery4,0.01,bmock12,
S1,9,0.9957,0.0061,3.2602,0.9724,0.0076,87.5,1.1392,jams,0.01,bmock12,
S1,9,0.4992,0.0526,5.7639,0.7633,0.0897,87.5,0.0,wgsa2,0.01,bmock12,
S1,8,0.6766,0.1425,5.2155,0.43,0.2234,87.5,0.0,woltka,0.01,bmock12,
S1,8,0.0127,0.1772,11.4763,0.2912,0.2573,62.5,0.0,biobakery3,0.0001,bmock12,0.0
S1,9,0.9054,0.0304,5.4066,0.8631,0.0463,75.0,1.1781,biobakery4,0.0001,bmock12,0.0
S1,16,0.9967,0.0044,7.0785,0.9649,0.0062,87.5,1.5896,jams,0.0001,bmock12,0.0068128299123379
S1,59,0.6944,0.0082,10.7357,0.7567,0.0346,87.5,2.094,wgsa2,0.0001,bmock12,0.221606053327923
S1,56,0.6253,0.0204,10.1823,0.4276,0.08,87.5,4.048,woltka,0.0001,bmock12,0.0
S1,8,0.0127,0.1772,11.4763,0.2912,0.2573,62.5,0.0,biobakery3,0.001,bmock12,
S1,9,0.9054,0.0304,5.4066,0.8631,0.0463,75.0,1.1781,biobakery4,0.001,bmock12,
S1,11,0.9961,0.0061,4.9614,0.9665,0.0073,87.5,1.3432,jams,0.001,bmock12,
S1,13,0.592,0.0367,7.1256,0.7613,0.0743,87.5,0.6743,wgsa2,0.001,bmock12,
S1,17,0.6279,0.0672,8.4311,0.429,0.1499,87.5,1.6464,woltka,0.001,bmock12,
SRR17380241,20,0.0749,0.024,7.1372,0.7602,0.0336,89.4737,6.4245,biobakery3,0.01,tourlousse,
SRR17380242,20,0.0712,0.0237,7.1126,0.7631,0.0332,89.4737,6.4792,biobakery3,0.01,tourlousse,
SRR17380243,20,0.0619,0.0236,7.1395,0.7644,0.0334,89.4737,6.959,biobakery3,0.01,tourlousse,
SRR17380244,20,0.0709,0.0243,7.2037,0.7569,0.0336,89.4737,6.3814,biobakery3,0.01,tourlousse,
SRR17380245,20,0.0818,0.0236,7.0535,0.7637,0.0332,89.4737,6.2467,biobakery3,0.01,tourlousse,
SRR17380246,20,0.0727,0.024,7.0955,0.7597,0.0336,89.4737,6.3996,biobakery3,0.01,tourlousse,
SRR17380241,19,0.6837,0.0055,0.824,0.9475,0.0088,100.0,0.0,biobakery4,0.01,tourlousse,
SRR17380242,19,0.687,0.0059,0.8258,0.9438,0.0088,100.0,0.0,biobakery4,0.01,tourlousse,
SRR17380243,19,0.6937,0.0055,0.8024,0.9475,0.0086,100.0,0.0,biobakery4,0.01,tourlousse,
SRR17380244,19,0.6972,0.0054,0.8024,0.9485,0.0086,100.0,0.0,biobakery4,0.01,tourlousse,
SRR17380245,19,0.682,0.0055,0.816,0.948,0.0087,100.0,0.0,biobakery4,0.01,tourlousse,
SRR17380246,19,0.6892,0.0054,0.8015,0.9485,0.0087,100.0,0.0,biobakery4,0.01,tourlousse,
SRR17380241,19,0.0278,0.0202,1.9045,0.8084,0.0234,100.0,0.0,jams,0.01,tourlousse,
SRR17380242,20,0.1452,0.0195,2.1927,0.8054,0.0227,100.0,1.0187,jams,0.01,tourlousse,
SRR17380243,19,0.0296,0.0201,1.8964,0.8091,0.0232,100.0,0.0,jams,0.01,tourlousse,
SRR17380244,19,0.0276,0.0201,1.8859,0.8094,0.0232,100.0,0.0,jams,0.01,tourlousse,
SRR17380245,19,0.0274,0.0201,1.8932,0.8088,0.0233,100.0,0.0,jams,0.01,tourlousse,
SRR17380246,19,0.026,0.0203,1.9051,0.8074,0.0234,100.0,0.0,jams,0.01,tourlousse,
SRR17380241,19,0.028,0.0202,1.9034,0.8084,0.0234,100.0,0.0,jams202212,0.01,tourlousse,
SRR17380242,19,0.0301,0.0201,1.9109,0.8093,0.0233,100.0,0.0,jams202212,0.01,tourlousse,
SRR17380243,19,0.0297,0.0201,1.8995,0.8087,0.0233,100.0,0.0,jams202212,0.01,tourlousse,
SRR17380244,19,0.0277,0.0201,1.8866,0.8095,0.0232,100.0,0.0,jams202212,0.01,tourlousse,
SRR17380245,19,0.0282,0.0201,1.8885,0.8092,0.0232,100.0,0.0,jams202212,0.01,tourlousse,
SRR17380246,19,0.026,0.0203,1.9036,0.8076,0.0234,100.0,0.0,jams202212,0.01,tourlousse,
SRR17380241,20,0.0348,0.0236,4.1977,0.7639,0.0338,100.0,11.3618,wgsa2,0.01,tourlousse,
SRR17380242,20,0.0357,0.0239,4.2353,0.7615,0.0344,100.0,11.5737,wgsa2,0.01,tourlousse,
SRR17380243,20,0.0327,0.0236,4.1943,0.7642,0.0338,100.0,11.2782,wgsa2,0.01,tourlousse,
SRR17380244,20,0.037,0.0236,4.2067,0.7641,0.034,100.0,11.4283,wgsa2,0.01,tourlousse,
SRR17380245,20,0.035,0.0235,4.1982,0.7646,0.0338,100.0,11.3516,wgsa2,0.01,tourlousse,
SRR17380246,20,0.0354,0.0236,4.1988,0.7645,0.0338,100.0,11.3584,wgsa2,0.01,tourlousse,
SRR17380241,22,0.0003,0.0395,8.3398,0.5658,0.0459,89.4737,18.3273,woltka,0.01,tourlousse,
SRR17380242,22,0.0001,0.0394,8.2952,0.5668,0.0456,89.4737,18.7181,woltka,0.01,tourlousse,
SRR17380243,22,0.0003,0.0395,8.3409,0.5657,0.0459,89.4737,18.3461,woltka,0.01,tourlousse,
SRR17380244,22,0.0003,0.0395,8.3338,0.565,0.046,89.4737,18.273,woltka,0.01,tourlousse,
SRR17380245,22,0.0004,0.0395,8.3386,0.565,0.046,89.4737,18.2344,woltka,0.01,tourlousse,
SRR17380246,22,0.0004,0.0396,8.359,0.5647,0.0461,89.4737,18.247,woltka,0.01,tourlousse,
SRR17380241,20,0.0749,0.024,7.1372,0.7602,0.0336,89.4737,6.4245,biobakery3,0.0001,tourlousse,0.0
SRR17380242,20,0.0712,0.0237,7.1126,0.7631,0.0332,89.4737,6.4792,biobakery3,0.0001,tourlousse,0.0
SRR17380243,20,0.0619,0.0236,7.1395,0.7644,0.0334,89.4737,6.959,biobakery3,0.0001,tourlousse,0.0
SRR17380244,20,0.0709,0.0243,7.2037,0.7569,0.0336,89.4737,6.3814,biobakery3,0.0001,tourlousse,0.0
SRR17380245,20,0.0818,0.0236,7.0535,0.7637,0.0332,89.4737,6.2467,biobakery3,0.0001,tourlousse,0.0
SRR17380246,20,0.0727,0.024,7.0955,0.7597,0.0336,89.4737,6.3996,biobakery3,0.0001,tourlousse,0.0
SRR17380241,19,0.6837,0.0055,0.824,0.9475,0.0088,100.0,0.0,biobakery4,0.0001,tourlousse,0.0
SRR17380242,19,0.687,0.0059,0.8258,0.9438,0.0088,100.0,0.0,biobakery4,0.0001,tourlousse,0.0
SRR17380243,19,0.6937,0.0055,0.8024,0.9475,0.0086,100.0,0.0,biobakery4,0.0001,tourlousse,0.0
SRR17380244,19,0.6972,0.0054,0.8024,0.9485,0.0086,100.0,0.0,biobakery4,0.0001,tourlousse,0.0
SRR17380245,19,0.682,0.0055,0.816,0.948,0.0087,100.0,0.0,biobakery4,0.0001,tourlousse,0.0
SRR17380246,19,0.6892,0.0054,0.8015,0.9485,0.0087,100.0,0.0,biobakery4,0.0001,tourlousse,0.0
SRR17380241,23,0.4261,0.017,5.0117,0.8046,0.0212,100.0,1.0164,jams,0.0001,tourlousse,0.0
SRR17380242,22,0.36,0.0177,3.9229,0.8052,0.0216,100.0,1.0831,jams,0.0001,tourlousse,0.0
SRR17380243,23,0.4318,0.0169,4.5442,0.8054,0.021,100.0,0.9713,jams,0.0001,tourlousse,0.0
SRR17380244,23,0.4342,0.0168,4.8769,0.8065,0.0211,100.0,0.7624,jams,0.0001,tourlousse,0.0
SRR17380245,23,0.4302,0.0169,4.6888,0.8056,0.0211,100.0,0.8618,jams,0.0001,tourlousse,0.0
SRR17380246,22,0.3596,0.0178,3.7596,0.8041,0.0217,100.0,0.8832,jams,0.0001,tourlousse,0.0
SRR17380241,19,0.0308,0.02,1.8869,0.8098,0.0231,100.0,0.0,jams202212,0.0001,tourlousse,0.0
SRR17380242,19,0.0352,0.0198,1.8784,0.8121,0.0228,100.0,0.0,jams202212,0.0001,tourlousse,0.0
SRR17380243,19,0.0394,0.0196,1.8411,0.8141,0.0224,100.0,0.0,jams202212,0.0001,tourlousse,0.0
SRR17380244,19,0.0324,0.0198,1.8519,0.8123,0.0227,100.0,0.0,jams202212,0.0001,tourlousse,0.0
SRR17380245,19,0.0351,0.0197,1.848,0.8128,0.0226,100.0,0.0,jams202212,0.0001,tourlousse,0.0
SRR17380246,19,0.0308,0.02,1.8754,0.8103,0.0229,100.0,0.0,jams202212,0.0001,tourlousse,0.0
SRR17380241,40,0.4474,0.0121,9.4885,0.7573,0.0238,100.0,12.4635,wgsa2,0.0001,tourlousse,0.0
SRR17380242,40,0.4378,0.0123,9.5428,0.755,0.0241,100.0,12.6578,wgsa2,0.0001,tourlousse,0.0
SRR17380243,40,0.4496,0.0121,9.5418,0.7576,0.0237,100.0,12.3817,wgsa2,0.0001,tourlousse,0.0
SRR17380244,41,0.4526,0.0118,9.7647,0.7574,0.0235,100.0,12.5287,wgsa2,0.0001,tourlousse,0.0
SRR17380245,39,0.4395,0.0124,9.1862,0.7581,0.024,100.0,12.4393,wgsa2,0.0001,tourlousse,0.0
SRR17380246,40,0.4477,0.0121,9.5036,0.7579,0.0237,100.0,12.4566,wgsa2,0.0001,tourlousse,0.0
SRR17380241,107,0.3859,0.0083,17.3462,0.5575,0.0203,89.4737,21.2872,woltka,0.0001,tourlousse,0.0
SRR17380242,110,0.3896,0.008,17.4234,0.558,0.0198,89.4737,21.7813,woltka,0.0001,tourlousse,0.0
SRR17380243,107,0.3862,0.0083,17.3338,0.5573,0.0203,89.4737,21.3055,woltka,0.0001,tourlousse,0.0
SRR17380244,108,0.3855,0.0082,17.4232,0.5566,0.0202,89.4737,21.2406,woltka,0.0001,tourlousse,0.0
SRR17380245,108,0.3859,0.0082,17.3911,0.5567,0.0202,89.4737,21.1979,woltka,0.0001,tourlousse,0.0
SRR17380246,107,0.3849,0.0083,17.3515,0.5564,0.0203,89.4737,21.1999,woltka,0.0001,tourlousse,0.0
SRR17380241,20,0.0749,0.024,7.1372,0.7602,0.0336,89.4737,6.4245,biobakery3,0.001,tourlousse,
SRR17380242,20,0.0712,0.0237,7.1126,0.7631,0.0332,89.4737,6.4792,biobakery3,0.001,tourlousse,
SRR17380243,20,0.0619,0.0236,7.1395,0.7644,0.0334,89.4737,6.959,biobakery3,0.001,tourlousse,
SRR17380244,20,0.0709,0.0243,7.2037,0.7569,0.0336,89.4737,6.3814,biobakery3,0.001,tourlousse,
SRR17380245,20,0.0818,0.0236,7.0535,0.7637,0.0332,89.4737,6.2467,biobakery3,0.001,tourlousse,
SRR17380246,20,0.0727,0.024,7.0955,0.7597,0.0336,89.4737,6.3996,biobakery3,0.001,tourlousse,
SRR17380241,19,0.6837,0.0055,0.824,0.9475,0.0088,100.0,0.0,biobakery4,0.001,tourlousse,
SRR17380242,19,0.687,0.0059,0.8258,0.9438,0.0088,100.0,0.0,biobakery4,0.001,tourlousse,
SRR17380243,19,0.6937,0.0055,0.8024,0.9475,0.0086,100.0,0.0,biobakery4,0.001,tourlousse,
SRR17380244,19,0.6972,0.0054,0.8024,0.9485,0.0086,100.0,0.0,biobakery4,0.001,tourlousse,
SRR17380245,19,0.682,0.0055,0.816,0.948,0.0087,100.0,0.0,biobakery4,0.001,tourlousse,
SRR17380246,19,0.6892,0.0054,0.8015,0.9485,0.0087,100.0,0.0,biobakery4,0.001,tourlousse,
SRR17380241,20,0.1451,0.0195,2.1479,0.8049,0.0227,100.0,0.9384,jams,0.001,tourlousse,
SRR17380242,20,0.1452,0.0195,2.1927,0.8054,0.0227,100.0,1.0187,jams,0.001,tourlousse,
SRR17380243,20,0.1515,0.0194,2.1045,0.8058,0.0226,100.0,0.8649,jams,0.001,tourlousse,
SRR17380244,20,0.1549,0.0193,2.0083,0.8068,0.0226,100.0,0.6906,jams,0.001,tourlousse,
SRR17380245,20,0.1507,0.0194,2.0585,0.8059,0.0227,100.0,0.7782,jams,0.001,tourlousse,
SRR17380246,20,0.1467,0.0196,2.0865,0.8044,0.0228,100.0,0.8122,jams,0.001,tourlousse,
SRR17380241,20,0.147,0.0195,2.1275,0.805,0.0227,100.0,0.8986,jams202212,0.001,tourlousse,
SRR17380242,20,0.1465,0.0194,2.1818,0.8055,0.0227,100.0,0.9961,jams202212,0.001,tourlousse,
SRR17380243,20,0.1553,0.0194,2.049,0.8059,0.0226,100.0,0.7466,jams202212,0.001,tourlousse,
SRR17380244,20,0.1596,0.0193,1.9456,0.8074,0.0226,100.0,0.5548,jams202212,0.001,tourlousse,
SRR17380245,20,0.1519,0.0194,2.0628,0.8062,0.0226,100.0,0.7961,jams202212,0.001,tourlousse,
SRR17380246,20,0.1473,0.0195,2.0798,0.8046,0.0228,100.0,0.8016,jams202212,0.001,tourlousse,
SRR17380241,22,0.034,0.0218,4.316,0.7607,0.0322,100.0,11.9067,wgsa2,0.001,tourlousse,
SRR17380242,22,0.0312,0.022,4.3616,0.7583,0.0327,100.0,12.1106,wgsa2,0.001,tourlousse,
SRR17380243,22,0.0354,0.0217,4.3124,0.7609,0.0321,100.0,11.8266,wgsa2,0.001,tourlousse,
SRR17380244,22,0.0325,0.0217,4.3342,0.7608,0.0323,100.0,11.9634,wgsa2,0.001,tourlousse,
SRR17380245,22,0.0341,0.0217,4.3188,0.7614,0.0321,100.0,11.8928,wgsa2,0.001,tourlousse,
SRR17380246,22,0.0339,0.0217,4.3226,0.7612,0.0321,100.0,11.898,wgsa2,0.001,tourlousse,
SRR17380241,29,0.1152,0.0302,10.4508,0.5627,0.0396,89.4737,19.4329,woltka,0.001,tourlousse,
SRR17380242,30,0.1292,0.0291,10.51,0.5634,0.0386,89.4737,19.9125,woltka,0.001,tourlousse,
SRR17380243,29,0.1151,0.0302,10.4666,0.5626,0.0396,89.4737,19.4463,woltka,0.001,tourlousse,
SRR17380244,29,0.1149,0.0302,10.4563,0.5619,0.0397,89.4737,19.3745,woltka,0.001,tourlousse,
SRR17380245,29,0.1154,0.0302,10.4674,0.562,0.0397,89.4737,19.3283,woltka,0.001,tourlousse,
SRR17380246,30,0.1303,0.0292,10.5145,0.5614,0.039,89.4737,19.4274,woltka,0.001,tourlousse,
EG,12,0.345,0.0265,3.8759,0.8407,0.037,91.6667,0.0,biobakery3,0.01,nist,
EG,12,0.445,0.0274,3.6138,0.8356,0.0375,91.6667,0.0,biobakery4,0.01,nist,
EG,13,0.1212,0.0294,3.9711,0.8088,0.0417,100.0,0.0,jams,0.01,nist,
EG,12,0.1825,0.0236,3.8004,0.8587,0.0299,100.0,0.0,wgsa2,0.01,nist,
EG,12,0.1088,0.0638,2.9017,0.6171,0.082,100.0,0.0,woltka,0.01,nist,
MIX-A,6,0.9852,0.0136,1.1183,0.9591,0.0193,100.0,0.0,biobakery3,0.01,nist,
MIX-A,6,0.9979,0.0068,0.2152,0.9796,0.0075,100.0,0.0,biobakery4,0.01,nist,
MIX-A,7,0.7423,0.0583,2.2409,0.7959,0.0858,100.0,0.0,jams,0.01,nist,
MIX-A,6,0.9898,0.0157,0.6871,0.9529,0.0202,100.0,0.0,wgsa2,0.01,nist,
MIX-A,8,0.3271,0.1112,6.3876,0.5554,0.1486,100.0,17.2275,woltka,0.01,nist,
MIX-B,7,0.6653,0.0666,5.3707,0.767,0.0927,85.7143,0.0,biobakery3,0.01,nist,
MIX-B,7,0.9683,0.0222,5.6132,0.9221,0.0253,85.7143,0.0,biobakery4,0.01,nist,
MIX-B,7,0.9474,0.0315,3.791,0.8898,0.0361,100.0,0.0,jams,0.01,nist,
MIX-B,6,0.955,0.0298,3.7221,0.9107,0.0333,100.0,0.0,wgsa2,0.01,nist,
MIX-B,12,0.8176,0.0469,10.1427,0.7188,0.0638,100.0,5.8849,woltka,0.01,nist,
MIX-C,7,0.0807,0.0942,6.3425,0.6702,0.1587,83.3333,29.7475,biobakery3,0.01,nist,
MIX-C,7,0.0222,0.129,6.2774,0.5484,0.1805,83.3333,32.6949,biobakery4,0.01,nist,
MIX-C,8,0.2457,0.1014,4.9417,0.5942,0.1327,100.0,22.4069,jams,0.01,nist,
MIX-C,7,0.2849,0.113,4.9264,0.6044,0.1613,100.0,8.6081,wgsa2,0.01,nist,
MIX-C,8,0.011,0.112,7.0906,0.5519,0.1737,100.0,41.9269,woltka,0.01,nist,
MIX-D,6,0.9125,0.0292,0.4479,0.9124,0.0426,100.0,0.0,biobakery3,0.01,nist,
MIX-D,6,0.9348,0.0226,0.3239,0.9322,0.0362,100.0,0.0,biobakery4,0.01,nist,
MIX-D,7,0.8438,0.042,1.8656,0.8532,0.0606,100.0,0.0,jams,0.01,nist,
MIX-D,6,0.8216,0.0449,0.5821,0.8652,0.0674,100.0,0.0,wgsa2,0.01,nist,
MIX-D,8,0.5863,0.0725,5.1991,0.7101,0.107,100.0,0.0,woltka,0.01,nist,
EG,14,0.5049,0.0229,6.2553,0.84,0.0342,85.7143,0.0,biobakery3,0.0001,nist,0.0
EG,14,0.5175,0.0235,8.9446,0.8352,0.0347,92.8571,0.0,biobakery4,0.0001,nist,0.0
EG,16,0.4279,0.024,9.4412,0.8078,0.0376,100.0,0.0163,jams,0.0001,nist,0.0493879645532596
EG,17,0.7056,0.0168,5.3901,0.8573,0.0249,100.0,0.0855,wgsa2,0.0001,nist,0.0040319454585216
EG,104,0.4903,0.0077,11.1962,0.6005,0.026,100.0,5.8083,woltka,0.0001,nist,0.0
MIX-A,11,0.9901,0.0077,4.3768,0.9579,0.0142,81.8182,0.0,biobakery3,0.0001,nist,0.0
MIX-A,11,0.9985,0.0041,2.8426,0.9775,0.0057,90.9091,0.0,biobakery4,0.0001,nist,0.0
MIX-A,12,0.8013,0.0345,10.5951,0.7929,0.0656,72.7273,0.0,jams,0.0001,nist,0.018234765860166
MIX-A,16,0.9918,0.0066,5.0974,0.9472,0.0127,100.0,0.2011,wgsa2,0.0001,nist,0.0013564451462096
MIX-A,71,0.5211,0.0129,13.579,0.5432,0.048,100.0,20.819,woltka,0.0001,nist,0.0
MIX-B,11,0.7377,0.0424,6.763,0.7668,0.0731,72.7273,0.0,biobakery3,0.0001,nist,0.0
MIX-B,11,0.9765,0.0146,6.4866,0.9199,0.02,72.7273,0.0,biobakery4,0.0001,nist,0.0
MIX-B,12,0.9606,0.0196,11.0041,0.8822,0.0278,81.8182,0.0,jams,0.0001,nist,0.0207267203177862
MIX-B,15,0.9723,0.0123,6.6488,0.9078,0.0206,100.0,0.0593,wgsa2,0.0001,nist,0.0011076828617624
MIX-B,98,0.8437,0.0068,15.5091,0.6677,0.0236,100.0,13.234,woltka,0.0001,nist,0.0
MIX-C,12,0.2631,0.0548,11.6858,0.671,0.12,63.6364,29.4877,biobakery3,0.0001,nist,0.0
MIX-C,12,0.1643,0.0749,11.569,0.5504,0.1363,63.6364,32.3094,biobakery4,0.0001,nist,0.0
MIX-C,13,0.3881,0.0629,14.9307,0.5911,0.1035,90.9091,22.3975,jams,0.0001,nist,0.0473248518473332
MIX-C,17,0.4554,0.0463,10.0073,0.6068,0.1016,100.0,8.6894,wgsa2,0.0001,nist,0.0019755603887746
MIX-C,90,0.263,0.0106,14.3534,0.5224,0.05,100.0,44.9789,woltka,0.0001,nist,0.0
MIX-D,11,0.9451,0.0163,1.1261,0.9103,0.0313,72.7273,0.0,biobakery3,0.0001,nist,0.0
MIX-D,12,0.9611,0.0117,4.1098,0.9301,0.0254,72.7273,0.1024,biobakery4,0.0001,nist,0.0
MIX-D,13,0.8884,0.0231,10.7794,0.8501,0.0445,90.9091,0.0207,jams,0.0001,nist,0.0139902451318166
MIX-D,13,0.8865,0.021,6.138,0.8632,0.0452,100.0,0.1668,wgsa2,0.0001,nist,0.0018892886677106
MIX-D,49,0.7181,0.0119,9.4342,0.7078,0.0426,100.0,1.4004,woltka,0.0001,nist,0.0
EG,14,0.5049,0.0229,6.2553,0.84,0.0342,85.7143,0.0,biobakery3,0.001,nist,
EG,14,0.5175,0.0235,8.9446,0.8352,0.0347,92.8571,0.0,biobakery4,0.001,nist,
EG,15,0.3617,0.0256,9.4201,0.8079,0.0388,100.0,0.0,jams,0.001,nist,
EG,15,0.6246,0.019,5.1859,0.8575,0.0265,100.0,0.0,wgsa2,0.001,nist,
EG,32,0.4017,0.0247,9.2171,0.6054,0.0478,100.0,3.952,woltka,0.001,nist,
MIX-A,8,0.9883,0.0105,1.2667,0.9582,0.0167,100.0,0.0,biobakery3,0.001,nist,
MIX-A,8,0.9983,0.0055,0.7375,0.9779,0.0066,100.0,0.0,biobakery4,0.001,nist,
MIX-A,9,0.7775,0.046,6.5327,0.7932,0.0758,100.0,0.0,jams,0.001,nist,
MIX-A,8,0.9904,0.0124,0.7571,0.9505,0.0176,100.0,0.0,wgsa2,0.001,nist,
MIX-A,22,0.4758,0.0411,12.1815,0.5474,0.0874,100.0,19.3598,woltka,0.001,nist,
MIX-B,9,0.7117,0.0517,6.762,0.7672,0.0808,88.8889,0.0,biobakery3,0.001,nist,
MIX-B,9,0.9737,0.0178,6.487,0.9201,0.0221,88.8889,0.0,biobakery4,0.001,nist,
MIX-B,10,0.9576,0.0235,9.5143,0.8826,0.0304,100.0,0.0,jams,0.001,nist,
MIX-B,10,0.9677,0.0184,6.1402,0.9082,0.0253,100.0,0.0,wgsa2,0.001,nist,
MIX-B,34,0.839,0.0189,12.1037,0.6794,0.0395,100.0,11.6132,woltka,0.001,nist,
MIX-C,9,0.1788,0.073,9.577,0.6713,0.1386,87.5,29.4877,biobakery3,0.001,nist,
MIX-C,9,0.0911,0.0998,9.4593,0.5507,0.1574,87.5,32.3094,biobakery4,0.001,nist,
MIX-C,10,0.3242,0.0818,10.2659,0.5912,0.118,100.0,22.4024,jams,0.001,nist,
MIX-C,10,0.3793,0.0785,6.4058,0.6075,0.1331,100.0,8.4784,wgsa2,0.001,nist,
MIX-C,21,0.1804,0.0444,13.0602,0.534,0.1048,100.0,43.5475,woltka,0.001,nist,
MIX-D,8,0.9335,0.0223,1.0739,0.9107,0.0367,100.0,0.0,biobakery3,0.001,nist,
MIX-D,9,0.9548,0.0155,1.1561,0.9303,0.0293,100.0,0.1024,biobakery4,0.001,nist,
MIX-D,9,0.8689,0.0332,6.1379,0.8504,0.0534,100.0,0.0,jams,0.001,nist,
MIX-D,10,0.8741,0.0273,2.0101,0.8634,0.0515,100.0,0.1669,wgsa2,0.001,nist,
MIX-D,10,0.6269,0.0583,6.5728,0.7087,0.0954,100.0,0.1723,woltka,0.001,nist,
S1,5,0.9899,0.0246,2.743,0.9386,0.0276,80.0,0.0,biobakery3,0.01,camisimGI,
S1,5,1.0,0.0011,0.0252,0.9973,0.0014,100.0,0.0,biobakery4,0.01,camisimGI,
S1,5,0.9938,0.0134,1.5916,0.9665,0.0173,80.0,0.0,jams,0.01,camisimGI,
S1,5,0.9952,0.0118,1.4987,0.9705,0.0154,80.0,0.0,wgsa2,0.01,camisimGI,
S1,6,0.9066,0.0443,11.7319,0.8671,0.0656,100.0,0.0,woltka,0.01,camisimGI,
S2,6,0.9232,0.0299,0.8456,0.9104,0.0377,83.3333,0.0,biobakery3,0.01,camisimGI,
S2,6,0.9301,0.0303,0.9327,0.9091,0.0435,100.0,0.0,biobakery4,0.01,camisimGI,
S2,6,0.9161,0.0314,0.5387,0.9057,0.0388,100.0,0.0,jams,0.01,camisimGI,
S2,6,0.94,0.027,0.5123,0.919,0.0326,100.0,0.0,wgsa2,0.01,camisimGI,
S2,6,0.6198,0.0941,11.3717,0.7176,0.1179,100.0,0.0,woltka,0.01,camisimGI,
S1,18,0.9923,0.0081,11.3385,0.9275,0.0149,94.4444,0.0,biobakery3,0.0001,camisimGI,0.0
S1,18,1.0,0.0005,0.1831,0.9956,0.0008,100.0,0.0,biobakery4,0.0001,camisimGI,0.0
S1,22,0.9956,0.0045,11.7126,0.9505,0.0082,94.4444,0.818,jams,0.0001,camisimGI,0.0086806094035932
S1,24,0.9967,0.0034,8.959,0.9592,0.0068,94.4444,0.1192,wgsa2,0.0001,camisimGI,0.0074982767673535
S1,47,0.9377,0.0067,22.3954,0.8436,0.0221,94.4444,2.6435,woltka,0.0001,camisimGI,0.0
S2,13,0.9563,0.0141,5.6829,0.9082,0.0249,83.3333,0.4089,biobakery3,0.0001,camisimGI,0.0
S2,12,0.9518,0.0147,0.966,0.9115,0.0297,100.0,0.0,biobakery4,0.0001,camisimGI,0.0
S2,13,0.9526,0.015,3.4164,0.9022,0.0256,100.0,0.0,jams,0.0001,camisimGI,0.0048927877388258
S2,13,0.9665,0.0125,1.2277,0.919,0.0215,100.0,0.0,wgsa2,0.0001,camisimGI,0.0006175828568146
S2,40,0.7666,0.0148,25.5425,0.704,0.0447,75.0,1.7589,woltka,0.0001,camisimGI,0.0
S1,17,0.9922,0.0085,11.2984,0.9275,0.0154,94.1176,0.0,biobakery3,0.001,camisimGI,
S1,17,1.0,0.0005,0.164,0.9957,0.0008,100.0,0.0,biobakery4,0.001,camisimGI,
S1,19,0.9955,0.0052,6.4123,0.9509,0.0088,94.1176,0.7807,jams,0.001,camisimGI,
S1,18,0.9965,0.0044,5.3399,0.9602,0.0079,94.1176,0.0,wgsa2,0.001,camisimGI,
S1,24,0.9342,0.013,19.6749,0.8444,0.031,94.1176,2.1935,woltka,0.001,camisimGI,
S2,13,0.9563,0.0141,5.6829,0.9082,0.0249,83.3333,0.4089,biobakery3,0.001,camisimGI,
S2,12,0.9518,0.0147,0.966,0.9115,0.0297,100.0,0.0,biobakery4,0.001,camisimGI,
S2,13,0.9526,0.015,3.4164,0.9022,0.0256,100.0,0.0,jams,0.001,camisimGI,
S2,12,0.9652,0.0134,0.7733,0.9194,0.0224,100.0,0.0,wgsa2,0.001,camisimGI,
S2,15,0.7358,0.0392,23.0943,0.7061,0.0737,75.0,1.0188,woltka,0.001,camisimGI,
